evidence_layer,block,seed_or_n,metric,value,sample_std,source,paper_location,interpretation_boundary
test_selected_benchmark,JH2_ICBHI,3,specificity,0.7498416719442685,0.05689597493716062,result/reproduce/pafa_joint_hierarchy/PAFA_JH2_main_multiseed/multiseed_summary.json,Section/4evaluation.tex,ICBHI-test-selected checkpoint; SPR inter evaluated after checkpoint selection
test_selected_benchmark,JH2_ICBHI,3,sensitivity,0.47352024922118385,0.05352816095760636,result/reproduce/pafa_joint_hierarchy/PAFA_JH2_main_multiseed/multiseed_summary.json,Section/4evaluation.tex,ICBHI-test-selected checkpoint; SPR inter evaluated after checkpoint selection
test_selected_benchmark,JH2_ICBHI,3,official_score,0.6116809605827261,0.0031387308369878607,result/reproduce/pafa_joint_hierarchy/PAFA_JH2_main_multiseed/multiseed_summary.json,Section/4evaluation.tex,ICBHI-test-selected checkpoint; SPR inter evaluated after checkpoint selection
test_selected_benchmark,JH2_ICBHI,3,macro_f1,0.4973224913907109,0.010593442367507118,result/reproduce/pafa_joint_hierarchy/PAFA_JH2_main_multiseed/multiseed_summary.json,Section/4evaluation.tex,ICBHI-test-selected checkpoint; SPR inter evaluated after checkpoint selection
test_selected_benchmark,JH2_ICBHI,3,uar,0.5040489142355803,0.030277153983431372,result/reproduce/pafa_joint_hierarchy/PAFA_JH2_main_multiseed/multiseed_summary.json,Section/4evaluation.tex,ICBHI-test-selected checkpoint; SPR inter evaluated after checkpoint selection
test_selected_benchmark,JH2_ICBHI_class_recall,3,normal,0.7498416719442685,0.05689597493716062,result/reproduce/pafa_joint_hierarchy/PAFA_JH2_main_multiseed/multiseed_summary.json,Section/4evaluation.tex,ICBHI-test-selected checkpoint; SPR inter evaluated after checkpoint selection
test_selected_benchmark,JH2_ICBHI_class_recall,3,crackle,0.6019517205957884,0.0848204368206028,result/reproduce/pafa_joint_hierarchy/PAFA_JH2_main_multiseed/multiseed_summary.json,Section/4evaluation.tex,ICBHI-test-selected checkpoint; SPR inter evaluated after checkpoint selection
test_selected_benchmark,JH2_ICBHI_class_recall,3,wheeze,0.2961038961038961,0.020779220779220786,result/reproduce/pafa_joint_hierarchy/PAFA_JH2_main_multiseed/multiseed_summary.json,Section/4evaluation.tex,ICBHI-test-selected checkpoint; SPR inter evaluated after checkpoint selection
test_selected_benchmark,JH2_ICBHI_class_recall,3,both,0.3682983682983683,0.11369462375997388,result/reproduce/pafa_joint_hierarchy/PAFA_JH2_main_multiseed/multiseed_summary.json,Section/4evaluation.tex,ICBHI-test-selected checkpoint; SPR inter evaluated after checkpoint selection
test_selected_benchmark,JH2_SPRSound,3,sensitivity,0.9760068551842331,0.01214862628856711,result/reproduce/pafa_joint_hierarchy/PAFA_JH2_main_multiseed/multiseed_summary.json,Section/4evaluation.tex,ICBHI-test-selected checkpoint; SPR inter evaluated after checkpoint selection
test_selected_benchmark,JH2_SPRSound,3,specificity,0.842948717948718,0.01364345939345685,result/reproduce/pafa_joint_hierarchy/PAFA_JH2_main_multiseed/multiseed_summary.json,Section/4evaluation.tex,ICBHI-test-selected checkpoint; SPR inter evaluated after checkpoint selection
test_selected_benchmark,JH2_SPRSound,3,average_score_as,0.9094777865664755,0.0031129743493505924,result/reproduce/pafa_joint_hierarchy/PAFA_JH2_main_multiseed/multiseed_summary.json,Section/4evaluation.tex,ICBHI-test-selected checkpoint; SPR inter evaluated after checkpoint selection
test_selected_benchmark,JH2_SPRSound,3,harmonic_score_hs,0.904495055736319,0.003934052167240796,result/reproduce/pafa_joint_hierarchy/PAFA_JH2_main_multiseed/multiseed_summary.json,Section/4evaluation.tex,ICBHI-test-selected checkpoint; SPR inter evaluated after checkpoint selection
test_selected_benchmark,JH2_SPRSound,3,official_score,0.9069864211513973,0.003423989412800346,result/reproduce/pafa_joint_hierarchy/PAFA_JH2_main_multiseed/multiseed_summary.json,Section/4evaluation.tex,ICBHI-test-selected checkpoint; SPR inter evaluated after checkpoint selection
test_selected_benchmark,JH2_SPRSound,3,macro_f1,0.8625683250157404,0.006839147669143389,result/reproduce/pafa_joint_hierarchy/PAFA_JH2_main_multiseed/multiseed_summary.json,Section/4evaluation.tex,ICBHI-test-selected checkpoint; SPR inter evaluated after checkpoint selection
test_selected_benchmark,JH2_SPRSound,3,uar,0.9094777865664755,0.0031129743493505924,result/reproduce/pafa_joint_hierarchy/PAFA_JH2_main_multiseed/multiseed_summary.json,Section/4evaluation.tex,ICBHI-test-selected checkpoint; SPR inter evaluated after checkpoint selection
existing_checkpoint_attribute,JH2_SPR_CW,3,crackle_auroc,0.9607895202690742,0.004053437967796181,"result/reproduce/pafa_joint_hierarchy/PAFA_JH2_main_multiseed/seed_{0,1,42}/terminal/selected_sprsound_predictions_scored.npz",Section/4evaluation.tex,selected test probabilities and saved eligibility; no threshold refit; descriptive test-selected attribute diagnostic
existing_checkpoint_attribute,JH2_SPR_CW,3,crackle_auprc,0.603247598227389,0.03861207555790782,"result/reproduce/pafa_joint_hierarchy/PAFA_JH2_main_multiseed/seed_{0,1,42}/terminal/selected_sprsound_predictions_scored.npz",Section/4evaluation.tex,selected test probabilities and saved eligibility; no threshold refit; descriptive test-selected attribute diagnostic
existing_checkpoint_attribute,JH2_SPR_CW,3,wheeze_auroc,0.9855725113831029,0.0011378497677620356,"result/reproduce/pafa_joint_hierarchy/PAFA_JH2_main_multiseed/seed_{0,1,42}/terminal/selected_sprsound_predictions_scored.npz",Section/4evaluation.tex,selected test probabilities and saved eligibility; no threshold refit; descriptive test-selected attribute diagnostic
existing_checkpoint_attribute,JH2_SPR_CW,3,wheeze_auprc,0.94512199482801,0.005643212031386177,"result/reproduce/pafa_joint_hierarchy/PAFA_JH2_main_multiseed/seed_{0,1,42}/terminal/selected_sprsound_predictions_scored.npz",Section/4evaluation.tex,selected test probabilities and saved eligibility; no threshold refit; descriptive test-selected attribute diagnostic
existing_checkpoint_attribute,JH2_SPR_CW_macro,3,auroc,0.9731810158260886,0.0014807055648917646,"result/reproduce/pafa_joint_hierarchy/PAFA_JH2_main_multiseed/seed_{0,1,42}/terminal/selected_sprsound_predictions_scored.npz",Section/4evaluation.tex,"Within-seed mean over C/W, then mean/sample SD over seeds 0/1/42"
existing_checkpoint_attribute,JH2_SPR_CW_macro,3,auprc,0.7741847965276994,0.02032140149482083,"result/reproduce/pafa_joint_hierarchy/PAFA_JH2_main_multiseed/seed_{0,1,42}/terminal/selected_sprsound_predictions_scored.npz",Section/4evaluation.tex,"Within-seed mean over C/W, then mean/sample SD over seeds 0/1/42"
existing_checkpoint_attribute,JH2_SPR_CW,seed_0,crackle_auroc,0.9602584528235085,,result/reproduce/pafa_joint_hierarchy/PAFA_JH2_main_multiseed/seed_0/terminal/selected_sprsound_predictions_scored.npz,Section/4evaluation.tex,selected test probabilities and saved eligibility; no threshold refit; descriptive test-selected attribute diagnostic
existing_checkpoint_attribute,JH2_SPR_CW,seed_0,crackle_auprc,0.6065698349049351,,result/reproduce/pafa_joint_hierarchy/PAFA_JH2_main_multiseed/seed_0/terminal/selected_sprsound_predictions_scored.npz,Section/4evaluation.tex,selected test probabilities and saved eligibility; no threshold refit; descriptive test-selected attribute diagnostic
existing_checkpoint_attribute,JH2_SPR_CW,seed_0,wheeze_auroc,0.9860303575273981,,result/reproduce/pafa_joint_hierarchy/PAFA_JH2_main_multiseed/seed_0/terminal/selected_sprsound_predictions_scored.npz,Section/4evaluation.tex,selected test probabilities and saved eligibility; no threshold refit; descriptive test-selected attribute diagnostic
existing_checkpoint_attribute,JH2_SPR_CW,seed_0,wheeze_auprc,0.951472261398076,,result/reproduce/pafa_joint_hierarchy/PAFA_JH2_main_multiseed/seed_0/terminal/selected_sprsound_predictions_scored.npz,Section/4evaluation.tex,selected test probabilities and saved eligibility; no threshold refit; descriptive test-selected attribute diagnostic
existing_checkpoint_attribute,JH2_SPR_CW,seed_0,cw_macro_auroc,0.9731444051754533,,result/reproduce/pafa_joint_hierarchy/PAFA_JH2_main_multiseed/seed_0/terminal/selected_sprsound_predictions_scored.npz,Section/4evaluation.tex,selected test probabilities and saved eligibility; no threshold refit; descriptive test-selected attribute diagnostic
existing_checkpoint_attribute,JH2_SPR_CW,seed_0,cw_macro_auprc,0.7790210481515055,,result/reproduce/pafa_joint_hierarchy/PAFA_JH2_main_multiseed/seed_0/terminal/selected_sprsound_predictions_scored.npz,Section/4evaluation.tex,selected test probabilities and saved eligibility; no threshold refit; descriptive test-selected attribute diagnostic
existing_checkpoint_attribute,JH2_SPR_CW,seed_1,crackle_auroc,0.9650823154540626,,result/reproduce/pafa_joint_hierarchy/PAFA_JH2_main_multiseed/seed_1/terminal/selected_sprsound_predictions_scored.npz,Section/4evaluation.tex,selected test probabilities and saved eligibility; no threshold refit; descriptive test-selected attribute diagnostic
existing_checkpoint_attribute,JH2_SPR_CW,seed_1,crackle_auprc,0.6400912125390754,,result/reproduce/pafa_joint_hierarchy/PAFA_JH2_main_multiseed/seed_1/terminal/selected_sprsound_predictions_scored.npz,Section/4evaluation.tex,selected test probabilities and saved eligibility; no threshold refit; descriptive test-selected attribute diagnostic
existing_checkpoint_attribute,JH2_SPR_CW,seed_1,wheeze_auroc,0.9842770589981318,,result/reproduce/pafa_joint_hierarchy/PAFA_JH2_main_multiseed/seed_1/terminal/selected_sprsound_predictions_scored.npz,Section/4evaluation.tex,selected test probabilities and saved eligibility; no threshold refit; descriptive test-selected attribute diagnostic
existing_checkpoint_attribute,JH2_SPR_CW,seed_1,wheeze_auprc,0.9432123369074189,,result/reproduce/pafa_joint_hierarchy/PAFA_JH2_main_multiseed/seed_1/terminal/selected_sprsound_predictions_scored.npz,Section/4evaluation.tex,selected test probabilities and saved eligibility; no threshold refit; descriptive test-selected attribute diagnostic
existing_checkpoint_attribute,JH2_SPR_CW,seed_1,cw_macro_auroc,0.9746796872260972,,result/reproduce/pafa_joint_hierarchy/PAFA_JH2_main_multiseed/seed_1/terminal/selected_sprsound_predictions_scored.npz,Section/4evaluation.tex,selected test probabilities and saved eligibility; no threshold refit; descriptive test-selected attribute diagnostic
existing_checkpoint_attribute,JH2_SPR_CW,seed_1,cw_macro_auprc,0.7916517747232472,,result/reproduce/pafa_joint_hierarchy/PAFA_JH2_main_multiseed/seed_1/terminal/selected_sprsound_predictions_scored.npz,Section/4evaluation.tex,selected test probabilities and saved eligibility; no threshold refit; descriptive test-selected attribute diagnostic
existing_checkpoint_attribute,JH2_SPR_CW,seed_42,crackle_auroc,0.9570277925296513,,result/reproduce/pafa_joint_hierarchy/PAFA_JH2_main_multiseed/seed_42/terminal/selected_sprsound_predictions_scored.npz,Section/4evaluation.tex,selected test probabilities and saved eligibility; no threshold refit; descriptive test-selected attribute diagnostic
existing_checkpoint_attribute,JH2_SPR_CW,seed_42,crackle_auprc,0.5630817472381565,,result/reproduce/pafa_joint_hierarchy/PAFA_JH2_main_multiseed/seed_42/terminal/selected_sprsound_predictions_scored.npz,Section/4evaluation.tex,selected test probabilities and saved eligibility; no threshold refit; descriptive test-selected attribute diagnostic
existing_checkpoint_attribute,JH2_SPR_CW,seed_42,wheeze_auroc,0.9864101176237786,,result/reproduce/pafa_joint_hierarchy/PAFA_JH2_main_multiseed/seed_42/terminal/selected_sprsound_predictions_scored.npz,Section/4evaluation.tex,selected test probabilities and saved eligibility; no threshold refit; descriptive test-selected attribute diagnostic
existing_checkpoint_attribute,JH2_SPR_CW,seed_42,wheeze_auprc,0.9406813861785353,,result/reproduce/pafa_joint_hierarchy/PAFA_JH2_main_multiseed/seed_42/terminal/selected_sprsound_predictions_scored.npz,Section/4evaluation.tex,selected test probabilities and saved eligibility; no threshold refit; descriptive test-selected attribute diagnostic
existing_checkpoint_attribute,JH2_SPR_CW,seed_42,cw_macro_auroc,0.9717189550767149,,result/reproduce/pafa_joint_hierarchy/PAFA_JH2_main_multiseed/seed_42/terminal/selected_sprsound_predictions_scored.npz,Section/4evaluation.tex,selected test probabilities and saved eligibility; no threshold refit; descriptive test-selected attribute diagnostic
existing_checkpoint_attribute,JH2_SPR_CW,seed_42,cw_macro_auprc,0.7518815667083458,,result/reproduce/pafa_joint_hierarchy/PAFA_JH2_main_multiseed/seed_42/terminal/selected_sprsound_predictions_scored.npz,Section/4evaluation.tex,selected test probabilities and saved eligibility; no threshold refit; descriptive test-selected attribute diagnostic
posthoc_readout_pilot,CW_pilot_Full,3,sp,0.7498416719442685,0.05689597493716062,result/reproduce/pafa_joint_hierarchy/PAFA_JH2_CW_READOUT_PILOT_EXISTING/cw_readout_existing_pilot.json,Section/4evaluation.tex,existing saved pilot aggregate; no probability rebuild in this artifact
posthoc_readout_pilot,CW_pilot_Full,3,se,0.47352024922118385,0.05352816095760636,result/reproduce/pafa_joint_hierarchy/PAFA_JH2_CW_READOUT_PILOT_EXISTING/cw_readout_existing_pilot.json,Section/4evaluation.tex,existing saved pilot aggregate; no probability rebuild in this artifact
posthoc_readout_pilot,CW_pilot_Full,3,score,0.6116809605827261,0.0031387308369878607,result/reproduce/pafa_joint_hierarchy/PAFA_JH2_CW_READOUT_PILOT_EXISTING/cw_readout_existing_pilot.json,Section/4evaluation.tex,existing saved pilot aggregate; no probability rebuild in this artifact
posthoc_readout_pilot,CW_pilot_Full,3,macro_f1,0.4973224913907109,0.010593442367507118,result/reproduce/pafa_joint_hierarchy/PAFA_JH2_CW_READOUT_PILOT_EXISTING/cw_readout_existing_pilot.json,Section/4evaluation.tex,existing saved pilot aggregate; no probability rebuild in this artifact
posthoc_readout_pilot,CW_pilot_Full,3,uar,0.5040489142355803,0.030277153983431372,result/reproduce/pafa_joint_hierarchy/PAFA_JH2_CW_READOUT_PILOT_EXISTING/cw_readout_existing_pilot.json,Section/4evaluation.tex,existing saved pilot aggregate; no probability rebuild in this artifact
posthoc_readout_pilot,CW_pilot_Full,3,both_recall,0.3682983682983683,0.11369462375997388,result/reproduce/pafa_joint_hierarchy/PAFA_JH2_CW_READOUT_PILOT_EXISTING/cw_readout_existing_pilot.json,Section/4evaluation.tex,existing saved pilot aggregate; no probability rebuild in this artifact
posthoc_readout_pilot,CW_pilot_CW_only,3,sp,0.6818661600168884,0.09626831871109283,result/reproduce/pafa_joint_hierarchy/PAFA_JH2_CW_READOUT_PILOT_EXISTING/cw_readout_existing_pilot.json,Section/4evaluation.tex,existing saved pilot aggregate; no probability rebuild in this artifact
posthoc_readout_pilot,CW_pilot_CW_only,3,se,0.5239308977626734,0.061221620333254415,result/reproduce/pafa_joint_hierarchy/PAFA_JH2_CW_READOUT_PILOT_EXISTING/cw_readout_existing_pilot.json,Section/4evaluation.tex,existing saved pilot aggregate; no probability rebuild in this artifact
posthoc_readout_pilot,CW_pilot_CW_only,3,score,0.6028985288897809,0.018135819089113627,result/reproduce/pafa_joint_hierarchy/PAFA_JH2_CW_READOUT_PILOT_EXISTING/cw_readout_existing_pilot.json,Section/4evaluation.tex,existing saved pilot aggregate; no probability rebuild in this artifact
posthoc_readout_pilot,CW_pilot_CW_only,3,macro_f1,0.49244117041451113,0.0076904817351340525,result/reproduce/pafa_joint_hierarchy/PAFA_JH2_CW_READOUT_PILOT_EXISTING/cw_readout_existing_pilot.json,Section/4evaluation.tex,existing saved pilot aggregate; no probability rebuild in this artifact
posthoc_readout_pilot,CW_pilot_CW_only,3,uar,0.5084139033753142,0.02501987364643583,result/reproduce/pafa_joint_hierarchy/PAFA_JH2_CW_READOUT_PILOT_EXISTING/cw_readout_existing_pilot.json,Section/4evaluation.tex,existing saved pilot aggregate; no probability rebuild in this artifact
posthoc_readout_pilot,CW_pilot_CW_only,3,both_recall,0.3682983682983683,0.11369462375997388,result/reproduce/pafa_joint_hierarchy/PAFA_JH2_CW_READOUT_PILOT_EXISTING/cw_readout_existing_pilot.json,Section/4evaluation.tex,existing saved pilot aggregate; no probability rebuild in this artifact
posthoc_readout_pilot,CW_pilot_paired_delta,3,sp,-0.0679755119273802,0.03937416400940424,result/reproduce/pafa_joint_hierarchy/PAFA_JH2_CW_READOUT_PILOT_EXISTING/cw_readout_existing_pilot.json,Section/4evaluation.tex,existing saved pilot aggregate; no probability rebuild in this artifact
posthoc_readout_pilot,CW_pilot_paired_delta,3,se,0.050410648541489654,0.007894284828528109,result/reproduce/pafa_joint_hierarchy/PAFA_JH2_CW_READOUT_PILOT_EXISTING/cw_readout_existing_pilot.json,Section/4evaluation.tex,existing saved pilot aggregate; no probability rebuild in this artifact
posthoc_readout_pilot,CW_pilot_paired_delta,3,score,-0.008782431692945273,0.01599713776159989,result/reproduce/pafa_joint_hierarchy/PAFA_JH2_CW_READOUT_PILOT_EXISTING/cw_readout_existing_pilot.json,Section/4evaluation.tex,existing saved pilot aggregate; no probability rebuild in this artifact
posthoc_readout_pilot,CW_pilot_paired_delta,3,macro_f1,-0.004881320976199792,0.011248560885166521,result/reproduce/pafa_joint_hierarchy/PAFA_JH2_CW_READOUT_PILOT_EXISTING/cw_readout_existing_pilot.json,Section/4evaluation.tex,existing saved pilot aggregate; no probability rebuild in this artifact
posthoc_readout_pilot,CW_pilot_paired_delta,3,uar,0.004364989139733932,0.00608531574962202,result/reproduce/pafa_joint_hierarchy/PAFA_JH2_CW_READOUT_PILOT_EXISTING/cw_readout_existing_pilot.json,Section/4evaluation.tex,existing saved pilot aggregate; no probability rebuild in this artifact
posthoc_readout_pilot,CW_pilot_paired_delta,3,both_recall,0.0,0.0,result/reproduce/pafa_joint_hierarchy/PAFA_JH2_CW_READOUT_PILOT_EXISTING/cw_readout_existing_pilot.json,Section/4evaluation.tex,existing saved pilot aggregate; no probability rebuild in this artifact
posthoc_external,JH2_HF_external,3,d_auroc,0.6782251913092688,0.04424921329562219,result/reproduce/pafa_joint_hierarchy/PAFA_JH2_main_multiseed_external_HF_KAUH/external_multiseed_summary.json,Section/4evaluation.tex,"fixed selected checkpoints; no external threshold tuning; compatible-overlay KAUH, not raw9 reproduction"
posthoc_external,JH2_HF_external,3,d_auprc,0.5910827346651554,0.029341741917365938,result/reproduce/pafa_joint_hierarchy/PAFA_JH2_main_multiseed_external_HF_KAUH/external_multiseed_summary.json,Section/4evaluation.tex,"fixed selected checkpoints; no external threshold tuning; compatible-overlay KAUH, not raw9 reproduction"
posthoc_external,JH2_HF_external,3,d_interval_recall,0.5827814569536424,0.1263073720418352,result/reproduce/pafa_joint_hierarchy/PAFA_JH2_main_multiseed_external_HF_KAUH/external_multiseed_summary.json,Section/4evaluation.tex,"fixed selected checkpoints; no external threshold tuning; compatible-overlay KAUH, not raw9 reproduction"
posthoc_external,JH2_HF_external,3,wheeze_auroc,0.8636033577861276,0.013764548563328694,result/reproduce/pafa_joint_hierarchy/PAFA_JH2_main_multiseed_external_HF_KAUH/external_multiseed_summary.json,Section/4evaluation.tex,"fixed selected checkpoints; no external threshold tuning; compatible-overlay KAUH, not raw9 reproduction"
posthoc_external,JH2_HF_external,3,wheeze_auprc,0.8433791966412644,0.022611171972264293,result/reproduce/pafa_joint_hierarchy/PAFA_JH2_main_multiseed_external_HF_KAUH/external_multiseed_summary.json,Section/4evaluation.tex,"fixed selected checkpoints; no external threshold tuning; compatible-overlay KAUH, not raw9 reproduction"
posthoc_external,JH2_HF_external,3,wheeze_interval_recall,0.8543123543123543,0.010681994626936668,result/reproduce/pafa_joint_hierarchy/PAFA_JH2_main_multiseed_external_HF_KAUH/external_multiseed_summary.json,Section/4evaluation.tex,"fixed selected checkpoints; no external threshold tuning; compatible-overlay KAUH, not raw9 reproduction"
posthoc_external,JH2_KAUH_external,3,recording_level1_score,0.7098661686896981,0.035323787830816626,result/reproduce/pafa_joint_hierarchy/PAFA_JH2_main_multiseed_external_HF_KAUH/external_multiseed_summary.json,Section/4evaluation.tex,"fixed selected checkpoints; no external threshold tuning; compatible-overlay KAUH, not raw9 reproduction"
posthoc_external,JH2_KAUH_external,3,recording_flat4_score,0.47784002489884836,0.09139527218168042,result/reproduce/pafa_joint_hierarchy/PAFA_JH2_main_multiseed_external_HF_KAUH/external_multiseed_summary.json,Section/4evaluation.tex,"fixed selected checkpoints; no external threshold tuning; compatible-overlay KAUH, not raw9 reproduction"
posthoc_external,JH2_KAUH_external,3,patient_level1_score,0.7216619981325865,0.016410677576337077,result/reproduce/pafa_joint_hierarchy/PAFA_JH2_main_multiseed_external_HF_KAUH/external_multiseed_summary.json,Section/4evaluation.tex,"fixed selected checkpoints; no external threshold tuning; compatible-overlay KAUH, not raw9 reproduction"
posthoc_external,JH2_KAUH_external,3,patient_flat4_score,0.47002801120448173,0.08296425104990163,result/reproduce/pafa_joint_hierarchy/PAFA_JH2_main_multiseed_external_HF_KAUH/external_multiseed_summary.json,Section/4evaluation.tex,"fixed selected checkpoints; no external threshold tuning; compatible-overlay KAUH, not raw9 reproduction"
historical_single_seed_pair,historical_HF_off,42,d_auroc,0.5081244925075662,,result/reproduce/pafa_joint_hierarchy/PAFA_JH4_JH2_HFaux_seed42_attempt2/hf_on_off_comparison.json,Section/4evaluation.tex,historical single-seed JH4-vs-historical-JH2 pair; not matched to current clean Table2 or current JH2 0/1/fresh42 checkpoints
historical_single_seed_pair,historical_HF_on,42,d_auroc,0.6980373883516646,,result/reproduce/pafa_joint_hierarchy/PAFA_JH4_JH2_HFaux_seed42_attempt2/hf_on_off_comparison.json,Section/4evaluation.tex,historical single-seed JH4-vs-historical-JH2 pair; not matched to current clean Table2 or current JH2 0/1/fresh42 checkpoints
historical_single_seed_pair,historical_HF_off,42,d_auprc,0.4118399332583368,,result/reproduce/pafa_joint_hierarchy/PAFA_JH4_JH2_HFaux_seed42_attempt2/hf_on_off_comparison.json,Section/4evaluation.tex,historical single-seed JH4-vs-historical-JH2 pair; not matched to current clean Table2 or current JH2 0/1/fresh42 checkpoints
historical_single_seed_pair,historical_HF_on,42,d_auprc,0.5148646275808586,,result/reproduce/pafa_joint_hierarchy/PAFA_JH4_JH2_HFaux_seed42_attempt2/hf_on_off_comparison.json,Section/4evaluation.tex,historical single-seed JH4-vs-historical-JH2 pair; not matched to current clean Table2 or current JH2 0/1/fresh42 checkpoints
historical_single_seed_pair,historical_HF_off,42,d_interval_recall,0.5264900662251656,,result/reproduce/pafa_joint_hierarchy/PAFA_JH4_JH2_HFaux_seed42_attempt2/hf_on_off_comparison.json,Section/4evaluation.tex,historical single-seed JH4-vs-historical-JH2 pair; not matched to current clean Table2 or current JH2 0/1/fresh42 checkpoints
historical_single_seed_pair,historical_HF_on,42,d_interval_recall,0.9310154525386314,,result/reproduce/pafa_joint_hierarchy/PAFA_JH4_JH2_HFaux_seed42_attempt2/hf_on_off_comparison.json,Section/4evaluation.tex,historical single-seed JH4-vs-historical-JH2 pair; not matched to current clean Table2 or current JH2 0/1/fresh42 checkpoints
historical_single_seed_pair,historical_HF_off,42,wheeze_auroc,0.8550478618715334,,result/reproduce/pafa_joint_hierarchy/PAFA_JH4_JH2_HFaux_seed42_attempt2/hf_on_off_comparison.json,Section/4evaluation.tex,historical single-seed JH4-vs-historical-JH2 pair; not matched to current clean Table2 or current JH2 0/1/fresh42 checkpoints
historical_single_seed_pair,historical_HF_on,42,wheeze_auroc,0.8983136518160673,,result/reproduce/pafa_joint_hierarchy/PAFA_JH4_JH2_HFaux_seed42_attempt2/hf_on_off_comparison.json,Section/4evaluation.tex,historical single-seed JH4-vs-historical-JH2 pair; not matched to current clean Table2 or current JH2 0/1/fresh42 checkpoints
historical_single_seed_pair,historical_HF_off,42,wheeze_auprc,0.8185003926066473,,result/reproduce/pafa_joint_hierarchy/PAFA_JH4_JH2_HFaux_seed42_attempt2/hf_on_off_comparison.json,Section/4evaluation.tex,historical single-seed JH4-vs-historical-JH2 pair; not matched to current clean Table2 or current JH2 0/1/fresh42 checkpoints
historical_single_seed_pair,historical_HF_on,42,wheeze_auprc,0.868532865632216,,result/reproduce/pafa_joint_hierarchy/PAFA_JH4_JH2_HFaux_seed42_attempt2/hf_on_off_comparison.json,Section/4evaluation.tex,historical single-seed JH4-vs-historical-JH2 pair; not matched to current clean Table2 or current JH2 0/1/fresh42 checkpoints
historical_single_seed_pair,historical_HF_off,42,wheeze_interval_recall,0.9377622377622378,,result/reproduce/pafa_joint_hierarchy/PAFA_JH4_JH2_HFaux_seed42_attempt2/hf_on_off_comparison.json,Section/4evaluation.tex,historical single-seed JH4-vs-historical-JH2 pair; not matched to current clean Table2 or current JH2 0/1/fresh42 checkpoints
historical_single_seed_pair,historical_HF_on,42,wheeze_interval_recall,0.7692307692307693,,result/reproduce/pafa_joint_hierarchy/PAFA_JH4_JH2_HFaux_seed42_attempt2/hf_on_off_comparison.json,Section/4evaluation.tex,historical single-seed JH4-vs-historical-JH2 pair; not matched to current clean Table2 or current JH2 0/1/fresh42 checkpoints
historical_partition_metadata,JH2_icbhi_subtrain,0,units,3636,,result/reproduce/pafa_joint_hierarchy/PAFA_JH2_main_multiseed/seed_0/config.json; result/reproduce/pafa_joint_hierarchy/PAFA_JH2_main_multiseed/seed_0/validation/epoch_015.npz,Section/2data.tex; Section/4evaluation.tex,"Metadata reconstruction; saved validation IDs match; counts, not new model results"
historical_partition_metadata,JH2_icbhi_subtrain,0,groups,63,,result/reproduce/pafa_joint_hierarchy/PAFA_JH2_main_multiseed/seed_0/config.json; result/reproduce/pafa_joint_hierarchy/PAFA_JH2_main_multiseed/seed_0/validation/epoch_015.npz,Section/2data.tex; Section/4evaluation.tex,"Metadata reconstruction; saved validation IDs match; counts, not new model results"
historical_partition_metadata,JH2_icbhi_subtrain,0,level1_eligible,3636,,result/reproduce/pafa_joint_hierarchy/PAFA_JH2_main_multiseed/seed_0/config.json; result/reproduce/pafa_joint_hierarchy/PAFA_JH2_main_multiseed/seed_0/validation/epoch_015.npz,Section/2data.tex; Section/4evaluation.tex,"Metadata reconstruction; saved validation IDs match; counts, not new model results"
historical_partition_metadata,JH2_icbhi_subtrain,0,crackle_eligible,3636,,result/reproduce/pafa_joint_hierarchy/PAFA_JH2_main_multiseed/seed_0/config.json; result/reproduce/pafa_joint_hierarchy/PAFA_JH2_main_multiseed/seed_0/validation/epoch_015.npz,Section/2data.tex; Section/4evaluation.tex,"Metadata reconstruction; saved validation IDs match; counts, not new model results"
historical_partition_metadata,JH2_icbhi_subtrain,0,wheeze_eligible,3636,,result/reproduce/pafa_joint_hierarchy/PAFA_JH2_main_multiseed/seed_0/config.json; result/reproduce/pafa_joint_hierarchy/PAFA_JH2_main_multiseed/seed_0/validation/epoch_015.npz,Section/2data.tex; Section/4evaluation.tex,"Metadata reconstruction; saved validation IDs match; counts, not new model results"
historical_partition_metadata,JH2_icbhi_subtrain,0,level1_masked,0,,result/reproduce/pafa_joint_hierarchy/PAFA_JH2_main_multiseed/seed_0/config.json; result/reproduce/pafa_joint_hierarchy/PAFA_JH2_main_multiseed/seed_0/validation/epoch_015.npz,Section/2data.tex; Section/4evaluation.tex,"Metadata reconstruction; saved validation IDs match; counts, not new model results"
historical_partition_metadata,JH2_icbhi_subtrain,0,crackle_masked,0,,result/reproduce/pafa_joint_hierarchy/PAFA_JH2_main_multiseed/seed_0/config.json; result/reproduce/pafa_joint_hierarchy/PAFA_JH2_main_multiseed/seed_0/validation/epoch_015.npz,Section/2data.tex; Section/4evaluation.tex,"Metadata reconstruction; saved validation IDs match; counts, not new model results"
historical_partition_metadata,JH2_icbhi_subtrain,0,wheeze_masked,0,,result/reproduce/pafa_joint_hierarchy/PAFA_JH2_main_multiseed/seed_0/config.json; result/reproduce/pafa_joint_hierarchy/PAFA_JH2_main_multiseed/seed_0/validation/epoch_015.npz,Section/2data.tex; Section/4evaluation.tex,"Metadata reconstruction; saved validation IDs match; counts, not new model results"
historical_partition_metadata,JH2_icbhi_subtrain,0,level1_positive,1811,,result/reproduce/pafa_joint_hierarchy/PAFA_JH2_main_multiseed/seed_0/config.json; result/reproduce/pafa_joint_hierarchy/PAFA_JH2_main_multiseed/seed_0/validation/epoch_015.npz,Section/2data.tex; Section/4evaluation.tex,"Metadata reconstruction; saved validation IDs match; counts, not new model results"
historical_partition_metadata,JH2_icbhi_subtrain,0,crackle_positive,1399,,result/reproduce/pafa_joint_hierarchy/PAFA_JH2_main_multiseed/seed_0/config.json; result/reproduce/pafa_joint_hierarchy/PAFA_JH2_main_multiseed/seed_0/validation/epoch_015.npz,Section/2data.tex; Section/4evaluation.tex,"Metadata reconstruction; saved validation IDs match; counts, not new model results"
historical_partition_metadata,JH2_icbhi_subtrain,0,wheeze_positive,674,,result/reproduce/pafa_joint_hierarchy/PAFA_JH2_main_multiseed/seed_0/config.json; result/reproduce/pafa_joint_hierarchy/PAFA_JH2_main_multiseed/seed_0/validation/epoch_015.npz,Section/2data.tex; Section/4evaluation.tex,"Metadata reconstruction; saved validation IDs match; counts, not new model results"
historical_partition_metadata,JH2_icbhi_subtrain,0,level1_negative,1825,,result/reproduce/pafa_joint_hierarchy/PAFA_JH2_main_multiseed/seed_0/config.json; result/reproduce/pafa_joint_hierarchy/PAFA_JH2_main_multiseed/seed_0/validation/epoch_015.npz,Section/2data.tex; Section/4evaluation.tex,"Metadata reconstruction; saved validation IDs match; counts, not new model results"
historical_partition_metadata,JH2_icbhi_subtrain,0,crackle_negative,2237,,result/reproduce/pafa_joint_hierarchy/PAFA_JH2_main_multiseed/seed_0/config.json; result/reproduce/pafa_joint_hierarchy/PAFA_JH2_main_multiseed/seed_0/validation/epoch_015.npz,Section/2data.tex; Section/4evaluation.tex,"Metadata reconstruction; saved validation IDs match; counts, not new model results"
historical_partition_metadata,JH2_icbhi_subtrain,0,wheeze_negative,2962,,result/reproduce/pafa_joint_hierarchy/PAFA_JH2_main_multiseed/seed_0/config.json; result/reproduce/pafa_joint_hierarchy/PAFA_JH2_main_multiseed/seed_0/validation/epoch_015.npz,Section/2data.tex; Section/4evaluation.tex,"Metadata reconstruction; saved validation IDs match; counts, not new model results"
historical_partition_metadata,JH2_icbhi_validation,0,units,506,,result/reproduce/pafa_joint_hierarchy/PAFA_JH2_main_multiseed/seed_0/config.json; result/reproduce/pafa_joint_hierarchy/PAFA_JH2_main_multiseed/seed_0/validation/epoch_015.npz,Section/2data.tex; Section/4evaluation.tex,"Metadata reconstruction; saved validation IDs match; counts, not new model results"
historical_partition_metadata,JH2_icbhi_validation,0,groups,16,,result/reproduce/pafa_joint_hierarchy/PAFA_JH2_main_multiseed/seed_0/config.json; result/reproduce/pafa_joint_hierarchy/PAFA_JH2_main_multiseed/seed_0/validation/epoch_015.npz,Section/2data.tex; Section/4evaluation.tex,"Metadata reconstruction; saved validation IDs match; counts, not new model results"
historical_partition_metadata,JH2_icbhi_validation,0,level1_eligible,506,,result/reproduce/pafa_joint_hierarchy/PAFA_JH2_main_multiseed/seed_0/config.json; result/reproduce/pafa_joint_hierarchy/PAFA_JH2_main_multiseed/seed_0/validation/epoch_015.npz,Section/2data.tex; Section/4evaluation.tex,"Metadata reconstruction; saved validation IDs match; counts, not new model results"
historical_partition_metadata,JH2_icbhi_validation,0,crackle_eligible,506,,result/reproduce/pafa_joint_hierarchy/PAFA_JH2_main_multiseed/seed_0/config.json; result/reproduce/pafa_joint_hierarchy/PAFA_JH2_main_multiseed/seed_0/validation/epoch_015.npz,Section/2data.tex; Section/4evaluation.tex,"Metadata reconstruction; saved validation IDs match; counts, not new model results"
historical_partition_metadata,JH2_icbhi_validation,0,wheeze_eligible,506,,result/reproduce/pafa_joint_hierarchy/PAFA_JH2_main_multiseed/seed_0/config.json; result/reproduce/pafa_joint_hierarchy/PAFA_JH2_main_multiseed/seed_0/validation/epoch_015.npz,Section/2data.tex; Section/4evaluation.tex,"Metadata reconstruction; saved validation IDs match; counts, not new model results"
historical_partition_metadata,JH2_icbhi_validation,0,level1_masked,0,,result/reproduce/pafa_joint_hierarchy/PAFA_JH2_main_multiseed/seed_0/config.json; result/reproduce/pafa_joint_hierarchy/PAFA_JH2_main_multiseed/seed_0/validation/epoch_015.npz,Section/2data.tex; Section/4evaluation.tex,"Metadata reconstruction; saved validation IDs match; counts, not new model results"
historical_partition_metadata,JH2_icbhi_validation,0,crackle_masked,0,,result/reproduce/pafa_joint_hierarchy/PAFA_JH2_main_multiseed/seed_0/config.json; result/reproduce/pafa_joint_hierarchy/PAFA_JH2_main_multiseed/seed_0/validation/epoch_015.npz,Section/2data.tex; Section/4evaluation.tex,"Metadata reconstruction; saved validation IDs match; counts, not new model results"
historical_partition_metadata,JH2_icbhi_validation,0,wheeze_masked,0,,result/reproduce/pafa_joint_hierarchy/PAFA_JH2_main_multiseed/seed_0/config.json; result/reproduce/pafa_joint_hierarchy/PAFA_JH2_main_multiseed/seed_0/validation/epoch_015.npz,Section/2data.tex; Section/4evaluation.tex,"Metadata reconstruction; saved validation IDs match; counts, not new model results"
historical_partition_metadata,JH2_icbhi_validation,0,level1_positive,268,,result/reproduce/pafa_joint_hierarchy/PAFA_JH2_main_multiseed/seed_0/config.json; result/reproduce/pafa_joint_hierarchy/PAFA_JH2_main_multiseed/seed_0/validation/epoch_015.npz,Section/2data.tex; Section/4evaluation.tex,"Metadata reconstruction; saved validation IDs match; counts, not new model results"
historical_partition_metadata,JH2_icbhi_validation,0,crackle_positive,179,,result/reproduce/pafa_joint_hierarchy/PAFA_JH2_main_multiseed/seed_0/config.json; result/reproduce/pafa_joint_hierarchy/PAFA_JH2_main_multiseed/seed_0/validation/epoch_015.npz,Section/2data.tex; Section/4evaluation.tex,"Metadata reconstruction; saved validation IDs match; counts, not new model results"
historical_partition_metadata,JH2_icbhi_validation,0,wheeze_positive,190,,result/reproduce/pafa_joint_hierarchy/PAFA_JH2_main_multiseed/seed_0/config.json; result/reproduce/pafa_joint_hierarchy/PAFA_JH2_main_multiseed/seed_0/validation/epoch_015.npz,Section/2data.tex; Section/4evaluation.tex,"Metadata reconstruction; saved validation IDs match; counts, not new model results"
historical_partition_metadata,JH2_icbhi_validation,0,level1_negative,238,,result/reproduce/pafa_joint_hierarchy/PAFA_JH2_main_multiseed/seed_0/config.json; result/reproduce/pafa_joint_hierarchy/PAFA_JH2_main_multiseed/seed_0/validation/epoch_015.npz,Section/2data.tex; Section/4evaluation.tex,"Metadata reconstruction; saved validation IDs match; counts, not new model results"
historical_partition_metadata,JH2_icbhi_validation,0,crackle_negative,327,,result/reproduce/pafa_joint_hierarchy/PAFA_JH2_main_multiseed/seed_0/config.json; result/reproduce/pafa_joint_hierarchy/PAFA_JH2_main_multiseed/seed_0/validation/epoch_015.npz,Section/2data.tex; Section/4evaluation.tex,"Metadata reconstruction; saved validation IDs match; counts, not new model results"
historical_partition_metadata,JH2_icbhi_validation,0,wheeze_negative,316,,result/reproduce/pafa_joint_hierarchy/PAFA_JH2_main_multiseed/seed_0/config.json; result/reproduce/pafa_joint_hierarchy/PAFA_JH2_main_multiseed/seed_0/validation/epoch_015.npz,Section/2data.tex; Section/4evaluation.tex,"Metadata reconstruction; saved validation IDs match; counts, not new model results"
historical_partition_metadata,JH2_sprsound_subtrain,0,units,5219,,result/reproduce/pafa_joint_hierarchy/PAFA_JH2_main_multiseed/seed_0/config.json; result/reproduce/pafa_joint_hierarchy/PAFA_JH2_main_multiseed/seed_0/validation/epoch_015.npz,Section/2data.tex; Section/4evaluation.tex,"Metadata reconstruction; saved validation IDs match; counts, not new model results"
historical_partition_metadata,JH2_sprsound_subtrain,0,groups,194,,result/reproduce/pafa_joint_hierarchy/PAFA_JH2_main_multiseed/seed_0/config.json; result/reproduce/pafa_joint_hierarchy/PAFA_JH2_main_multiseed/seed_0/validation/epoch_015.npz,Section/2data.tex; Section/4evaluation.tex,"Metadata reconstruction; saved validation IDs match; counts, not new model results"
historical_partition_metadata,JH2_sprsound_subtrain,0,level1_eligible,5219,,result/reproduce/pafa_joint_hierarchy/PAFA_JH2_main_multiseed/seed_0/config.json; result/reproduce/pafa_joint_hierarchy/PAFA_JH2_main_multiseed/seed_0/validation/epoch_015.npz,Section/2data.tex; Section/4evaluation.tex,"Metadata reconstruction; saved validation IDs match; counts, not new model results"
historical_partition_metadata,JH2_sprsound_subtrain,0,crackle_eligible,5170,,result/reproduce/pafa_joint_hierarchy/PAFA_JH2_main_multiseed/seed_0/config.json; result/reproduce/pafa_joint_hierarchy/PAFA_JH2_main_multiseed/seed_0/validation/epoch_015.npz,Section/2data.tex; Section/4evaluation.tex,"Metadata reconstruction; saved validation IDs match; counts, not new model results"
historical_partition_metadata,JH2_sprsound_subtrain,0,wheeze_eligible,5170,,result/reproduce/pafa_joint_hierarchy/PAFA_JH2_main_multiseed/seed_0/config.json; result/reproduce/pafa_joint_hierarchy/PAFA_JH2_main_multiseed/seed_0/validation/epoch_015.npz,Section/2data.tex; Section/4evaluation.tex,"Metadata reconstruction; saved validation IDs match; counts, not new model results"
historical_partition_metadata,JH2_sprsound_subtrain,0,level1_masked,0,,result/reproduce/pafa_joint_hierarchy/PAFA_JH2_main_multiseed/seed_0/config.json; result/reproduce/pafa_joint_hierarchy/PAFA_JH2_main_multiseed/seed_0/validation/epoch_015.npz,Section/2data.tex; Section/4evaluation.tex,"Metadata reconstruction; saved validation IDs match; counts, not new model results"
historical_partition_metadata,JH2_sprsound_subtrain,0,crackle_masked,49,,result/reproduce/pafa_joint_hierarchy/PAFA_JH2_main_multiseed/seed_0/config.json; result/reproduce/pafa_joint_hierarchy/PAFA_JH2_main_multiseed/seed_0/validation/epoch_015.npz,Section/2data.tex; Section/4evaluation.tex,"Metadata reconstruction; saved validation IDs match; counts, not new model results"
historical_partition_metadata,JH2_sprsound_subtrain,0,wheeze_masked,49,,result/reproduce/pafa_joint_hierarchy/PAFA_JH2_main_multiseed/seed_0/config.json; result/reproduce/pafa_joint_hierarchy/PAFA_JH2_main_multiseed/seed_0/validation/epoch_015.npz,Section/2data.tex; Section/4evaluation.tex,"Metadata reconstruction; saved validation IDs match; counts, not new model results"
historical_partition_metadata,JH2_sprsound_subtrain,0,level1_positive,1105,,result/reproduce/pafa_joint_hierarchy/PAFA_JH2_main_multiseed/seed_0/config.json; result/reproduce/pafa_joint_hierarchy/PAFA_JH2_main_multiseed/seed_0/validation/epoch_015.npz,Section/2data.tex; Section/4evaluation.tex,"Metadata reconstruction; saved validation IDs match; counts, not new model results"
historical_partition_metadata,JH2_sprsound_subtrain,0,crackle_positive,660,,result/reproduce/pafa_joint_hierarchy/PAFA_JH2_main_multiseed/seed_0/config.json; result/reproduce/pafa_joint_hierarchy/PAFA_JH2_main_multiseed/seed_0/validation/epoch_015.npz,Section/2data.tex; Section/4evaluation.tex,"Metadata reconstruction; saved validation IDs match; counts, not new model results"
historical_partition_metadata,JH2_sprsound_subtrain,0,wheeze_positive,417,,result/reproduce/pafa_joint_hierarchy/PAFA_JH2_main_multiseed/seed_0/config.json; result/reproduce/pafa_joint_hierarchy/PAFA_JH2_main_multiseed/seed_0/validation/epoch_015.npz,Section/2data.tex; Section/4evaluation.tex,"Metadata reconstruction; saved validation IDs match; counts, not new model results"
historical_partition_metadata,JH2_sprsound_subtrain,0,level1_negative,4114,,result/reproduce/pafa_joint_hierarchy/PAFA_JH2_main_multiseed/seed_0/config.json; result/reproduce/pafa_joint_hierarchy/PAFA_JH2_main_multiseed/seed_0/validation/epoch_015.npz,Section/2data.tex; Section/4evaluation.tex,"Metadata reconstruction; saved validation IDs match; counts, not new model results"
historical_partition_metadata,JH2_sprsound_subtrain,0,crackle_negative,4510,,result/reproduce/pafa_joint_hierarchy/PAFA_JH2_main_multiseed/seed_0/config.json; result/reproduce/pafa_joint_hierarchy/PAFA_JH2_main_multiseed/seed_0/validation/epoch_015.npz,Section/2data.tex; Section/4evaluation.tex,"Metadata reconstruction; saved validation IDs match; counts, not new model results"
historical_partition_metadata,JH2_sprsound_subtrain,0,wheeze_negative,4753,,result/reproduce/pafa_joint_hierarchy/PAFA_JH2_main_multiseed/seed_0/config.json; result/reproduce/pafa_joint_hierarchy/PAFA_JH2_main_multiseed/seed_0/validation/epoch_015.npz,Section/2data.tex; Section/4evaluation.tex,"Metadata reconstruction; saved validation IDs match; counts, not new model results"
historical_partition_metadata,JH2_sprsound_validation,0,units,1437,,result/reproduce/pafa_joint_hierarchy/PAFA_JH2_main_multiseed/seed_0/config.json; result/reproduce/pafa_joint_hierarchy/PAFA_JH2_main_multiseed/seed_0/validation/epoch_015.npz,Section/2data.tex; Section/4evaluation.tex,"Metadata reconstruction; saved validation IDs match; counts, not new model results"
historical_partition_metadata,JH2_sprsound_validation,0,groups,49,,result/reproduce/pafa_joint_hierarchy/PAFA_JH2_main_multiseed/seed_0/config.json; result/reproduce/pafa_joint_hierarchy/PAFA_JH2_main_multiseed/seed_0/validation/epoch_015.npz,Section/2data.tex; Section/4evaluation.tex,"Metadata reconstruction; saved validation IDs match; counts, not new model results"
historical_partition_metadata,JH2_sprsound_validation,0,level1_eligible,1437,,result/reproduce/pafa_joint_hierarchy/PAFA_JH2_main_multiseed/seed_0/config.json; result/reproduce/pafa_joint_hierarchy/PAFA_JH2_main_multiseed/seed_0/validation/epoch_015.npz,Section/2data.tex; Section/4evaluation.tex,"Metadata reconstruction; saved validation IDs match; counts, not new model results"
historical_partition_metadata,JH2_sprsound_validation,0,crackle_eligible,1432,,result/reproduce/pafa_joint_hierarchy/PAFA_JH2_main_multiseed/seed_0/config.json; result/reproduce/pafa_joint_hierarchy/PAFA_JH2_main_multiseed/seed_0/validation/epoch_015.npz,Section/2data.tex; Section/4evaluation.tex,"Metadata reconstruction; saved validation IDs match; counts, not new model results"
historical_partition_metadata,JH2_sprsound_validation,0,wheeze_eligible,1432,,result/reproduce/pafa_joint_hierarchy/PAFA_JH2_main_multiseed/seed_0/config.json; result/reproduce/pafa_joint_hierarchy/PAFA_JH2_main_multiseed/seed_0/validation/epoch_015.npz,Section/2data.tex; Section/4evaluation.tex,"Metadata reconstruction; saved validation IDs match; counts, not new model results"
historical_partition_metadata,JH2_sprsound_validation,0,level1_masked,0,,result/reproduce/pafa_joint_hierarchy/PAFA_JH2_main_multiseed/seed_0/config.json; result/reproduce/pafa_joint_hierarchy/PAFA_JH2_main_multiseed/seed_0/validation/epoch_015.npz,Section/2data.tex; Section/4evaluation.tex,"Metadata reconstruction; saved validation IDs match; counts, not new model results"
historical_partition_metadata,JH2_sprsound_validation,0,crackle_masked,5,,result/reproduce/pafa_joint_hierarchy/PAFA_JH2_main_multiseed/seed_0/config.json; result/reproduce/pafa_joint_hierarchy/PAFA_JH2_main_multiseed/seed_0/validation/epoch_015.npz,Section/2data.tex; Section/4evaluation.tex,"Metadata reconstruction; saved validation IDs match; counts, not new model results"
historical_partition_metadata,JH2_sprsound_validation,0,wheeze_masked,5,,result/reproduce/pafa_joint_hierarchy/PAFA_JH2_main_multiseed/seed_0/config.json; result/reproduce/pafa_joint_hierarchy/PAFA_JH2_main_multiseed/seed_0/validation/epoch_015.npz,Section/2data.tex; Section/4evaluation.tex,"Metadata reconstruction; saved validation IDs match; counts, not new model results"
historical_partition_metadata,JH2_sprsound_validation,0,level1_positive,392,,result/reproduce/pafa_joint_hierarchy/PAFA_JH2_main_multiseed/seed_0/config.json; result/reproduce/pafa_joint_hierarchy/PAFA_JH2_main_multiseed/seed_0/validation/epoch_015.npz,Section/2data.tex; Section/4evaluation.tex,"Metadata reconstruction; saved validation IDs match; counts, not new model results"
historical_partition_metadata,JH2_sprsound_validation,0,crackle_positive,331,,result/reproduce/pafa_joint_hierarchy/PAFA_JH2_main_multiseed/seed_0/config.json; result/reproduce/pafa_joint_hierarchy/PAFA_JH2_main_multiseed/seed_0/validation/epoch_015.npz,Section/2data.tex; Section/4evaluation.tex,"Metadata reconstruction; saved validation IDs match; counts, not new model results"
historical_partition_metadata,JH2_sprsound_validation,0,wheeze_positive,65,,result/reproduce/pafa_joint_hierarchy/PAFA_JH2_main_multiseed/seed_0/config.json; result/reproduce/pafa_joint_hierarchy/PAFA_JH2_main_multiseed/seed_0/validation/epoch_015.npz,Section/2data.tex; Section/4evaluation.tex,"Metadata reconstruction; saved validation IDs match; counts, not new model results"
historical_partition_metadata,JH2_sprsound_validation,0,level1_negative,1045,,result/reproduce/pafa_joint_hierarchy/PAFA_JH2_main_multiseed/seed_0/config.json; result/reproduce/pafa_joint_hierarchy/PAFA_JH2_main_multiseed/seed_0/validation/epoch_015.npz,Section/2data.tex; Section/4evaluation.tex,"Metadata reconstruction; saved validation IDs match; counts, not new model results"
historical_partition_metadata,JH2_sprsound_validation,0,crackle_negative,1101,,result/reproduce/pafa_joint_hierarchy/PAFA_JH2_main_multiseed/seed_0/config.json; result/reproduce/pafa_joint_hierarchy/PAFA_JH2_main_multiseed/seed_0/validation/epoch_015.npz,Section/2data.tex; Section/4evaluation.tex,"Metadata reconstruction; saved validation IDs match; counts, not new model results"
historical_partition_metadata,JH2_sprsound_validation,0,wheeze_negative,1367,,result/reproduce/pafa_joint_hierarchy/PAFA_JH2_main_multiseed/seed_0/config.json; result/reproduce/pafa_joint_hierarchy/PAFA_JH2_main_multiseed/seed_0/validation/epoch_015.npz,Section/2data.tex; Section/4evaluation.tex,"Metadata reconstruction; saved validation IDs match; counts, not new model results"
historical_partition_metadata,JH2_icbhi_subtrain,1,units,2880,,result/reproduce/pafa_joint_hierarchy/PAFA_JH2_main_multiseed/seed_1/config.json; result/reproduce/pafa_joint_hierarchy/PAFA_JH2_main_multiseed/seed_1/validation/epoch_011.npz,Section/2data.tex; Section/4evaluation.tex,"Metadata reconstruction; saved validation IDs match; counts, not new model results"
historical_partition_metadata,JH2_icbhi_subtrain,1,groups,63,,result/reproduce/pafa_joint_hierarchy/PAFA_JH2_main_multiseed/seed_1/config.json; result/reproduce/pafa_joint_hierarchy/PAFA_JH2_main_multiseed/seed_1/validation/epoch_011.npz,Section/2data.tex; Section/4evaluation.tex,"Metadata reconstruction; saved validation IDs match; counts, not new model results"
historical_partition_metadata,JH2_icbhi_subtrain,1,level1_eligible,2880,,result/reproduce/pafa_joint_hierarchy/PAFA_JH2_main_multiseed/seed_1/config.json; result/reproduce/pafa_joint_hierarchy/PAFA_JH2_main_multiseed/seed_1/validation/epoch_011.npz,Section/2data.tex; Section/4evaluation.tex,"Metadata reconstruction; saved validation IDs match; counts, not new model results"
historical_partition_metadata,JH2_icbhi_subtrain,1,crackle_eligible,2880,,result/reproduce/pafa_joint_hierarchy/PAFA_JH2_main_multiseed/seed_1/config.json; result/reproduce/pafa_joint_hierarchy/PAFA_JH2_main_multiseed/seed_1/validation/epoch_011.npz,Section/2data.tex; Section/4evaluation.tex,"Metadata reconstruction; saved validation IDs match; counts, not new model results"
historical_partition_metadata,JH2_icbhi_subtrain,1,wheeze_eligible,2880,,result/reproduce/pafa_joint_hierarchy/PAFA_JH2_main_multiseed/seed_1/config.json; result/reproduce/pafa_joint_hierarchy/PAFA_JH2_main_multiseed/seed_1/validation/epoch_011.npz,Section/2data.tex; Section/4evaluation.tex,"Metadata reconstruction; saved validation IDs match; counts, not new model results"
historical_partition_metadata,JH2_icbhi_subtrain,1,level1_masked,0,,result/reproduce/pafa_joint_hierarchy/PAFA_JH2_main_multiseed/seed_1/config.json; result/reproduce/pafa_joint_hierarchy/PAFA_JH2_main_multiseed/seed_1/validation/epoch_011.npz,Section/2data.tex; Section/4evaluation.tex,"Metadata reconstruction; saved validation IDs match; counts, not new model results"
historical_partition_metadata,JH2_icbhi_subtrain,1,crackle_masked,0,,result/reproduce/pafa_joint_hierarchy/PAFA_JH2_main_multiseed/seed_1/config.json; result/reproduce/pafa_joint_hierarchy/PAFA_JH2_main_multiseed/seed_1/validation/epoch_011.npz,Section/2data.tex; Section/4evaluation.tex,"Metadata reconstruction; saved validation IDs match; counts, not new model results"
historical_partition_metadata,JH2_icbhi_subtrain,1,wheeze_masked,0,,result/reproduce/pafa_joint_hierarchy/PAFA_JH2_main_multiseed/seed_1/config.json; result/reproduce/pafa_joint_hierarchy/PAFA_JH2_main_multiseed/seed_1/validation/epoch_011.npz,Section/2data.tex; Section/4evaluation.tex,"Metadata reconstruction; saved validation IDs match; counts, not new model results"
historical_partition_metadata,JH2_icbhi_subtrain,1,level1_positive,1323,,result/reproduce/pafa_joint_hierarchy/PAFA_JH2_main_multiseed/seed_1/config.json; result/reproduce/pafa_joint_hierarchy/PAFA_JH2_main_multiseed/seed_1/validation/epoch_011.npz,Section/2data.tex; Section/4evaluation.tex,"Metadata reconstruction; saved validation IDs match; counts, not new model results"
historical_partition_metadata,JH2_icbhi_subtrain,1,crackle_positive,914,,result/reproduce/pafa_joint_hierarchy/PAFA_JH2_main_multiseed/seed_1/config.json; result/reproduce/pafa_joint_hierarchy/PAFA_JH2_main_multiseed/seed_1/validation/epoch_011.npz,Section/2data.tex; Section/4evaluation.tex,"Metadata reconstruction; saved validation IDs match; counts, not new model results"
historical_partition_metadata,JH2_icbhi_subtrain,1,wheeze_positive,646,,result/reproduce/pafa_joint_hierarchy/PAFA_JH2_main_multiseed/seed_1/config.json; result/reproduce/pafa_joint_hierarchy/PAFA_JH2_main_multiseed/seed_1/validation/epoch_011.npz,Section/2data.tex; Section/4evaluation.tex,"Metadata reconstruction; saved validation IDs match; counts, not new model results"
historical_partition_metadata,JH2_icbhi_subtrain,1,level1_negative,1557,,result/reproduce/pafa_joint_hierarchy/PAFA_JH2_main_multiseed/seed_1/config.json; result/reproduce/pafa_joint_hierarchy/PAFA_JH2_main_multiseed/seed_1/validation/epoch_011.npz,Section/2data.tex; Section/4evaluation.tex,"Metadata reconstruction; saved validation IDs match; counts, not new model results"
historical_partition_metadata,JH2_icbhi_subtrain,1,crackle_negative,1966,,result/reproduce/pafa_joint_hierarchy/PAFA_JH2_main_multiseed/seed_1/config.json; result/reproduce/pafa_joint_hierarchy/PAFA_JH2_main_multiseed/seed_1/validation/epoch_011.npz,Section/2data.tex; Section/4evaluation.tex,"Metadata reconstruction; saved validation IDs match; counts, not new model results"
historical_partition_metadata,JH2_icbhi_subtrain,1,wheeze_negative,2234,,result/reproduce/pafa_joint_hierarchy/PAFA_JH2_main_multiseed/seed_1/config.json; result/reproduce/pafa_joint_hierarchy/PAFA_JH2_main_multiseed/seed_1/validation/epoch_011.npz,Section/2data.tex; Section/4evaluation.tex,"Metadata reconstruction; saved validation IDs match; counts, not new model results"
historical_partition_metadata,JH2_icbhi_validation,1,units,1262,,result/reproduce/pafa_joint_hierarchy/PAFA_JH2_main_multiseed/seed_1/config.json; result/reproduce/pafa_joint_hierarchy/PAFA_JH2_main_multiseed/seed_1/validation/epoch_011.npz,Section/2data.tex; Section/4evaluation.tex,"Metadata reconstruction; saved validation IDs match; counts, not new model results"
historical_partition_metadata,JH2_icbhi_validation,1,groups,16,,result/reproduce/pafa_joint_hierarchy/PAFA_JH2_main_multiseed/seed_1/config.json; result/reproduce/pafa_joint_hierarchy/PAFA_JH2_main_multiseed/seed_1/validation/epoch_011.npz,Section/2data.tex; Section/4evaluation.tex,"Metadata reconstruction; saved validation IDs match; counts, not new model results"
historical_partition_metadata,JH2_icbhi_validation,1,level1_eligible,1262,,result/reproduce/pafa_joint_hierarchy/PAFA_JH2_main_multiseed/seed_1/config.json; result/reproduce/pafa_joint_hierarchy/PAFA_JH2_main_multiseed/seed_1/validation/epoch_011.npz,Section/2data.tex; Section/4evaluation.tex,"Metadata reconstruction; saved validation IDs match; counts, not new model results"
historical_partition_metadata,JH2_icbhi_validation,1,crackle_eligible,1262,,result/reproduce/pafa_joint_hierarchy/PAFA_JH2_main_multiseed/seed_1/config.json; result/reproduce/pafa_joint_hierarchy/PAFA_JH2_main_multiseed/seed_1/validation/epoch_011.npz,Section/2data.tex; Section/4evaluation.tex,"Metadata reconstruction; saved validation IDs match; counts, not new model results"
historical_partition_metadata,JH2_icbhi_validation,1,wheeze_eligible,1262,,result/reproduce/pafa_joint_hierarchy/PAFA_JH2_main_multiseed/seed_1/config.json; result/reproduce/pafa_joint_hierarchy/PAFA_JH2_main_multiseed/seed_1/validation/epoch_011.npz,Section/2data.tex; Section/4evaluation.tex,"Metadata reconstruction; saved validation IDs match; counts, not new model results"
historical_partition_metadata,JH2_icbhi_validation,1,level1_masked,0,,result/reproduce/pafa_joint_hierarchy/PAFA_JH2_main_multiseed/seed_1/config.json; result/reproduce/pafa_joint_hierarchy/PAFA_JH2_main_multiseed/seed_1/validation/epoch_011.npz,Section/2data.tex; Section/4evaluation.tex,"Metadata reconstruction; saved validation IDs match; counts, not new model results"
historical_partition_metadata,JH2_icbhi_validation,1,crackle_masked,0,,result/reproduce/pafa_joint_hierarchy/PAFA_JH2_main_multiseed/seed_1/config.json; result/reproduce/pafa_joint_hierarchy/PAFA_JH2_main_multiseed/seed_1/validation/epoch_011.npz,Section/2data.tex; Section/4evaluation.tex,"Metadata reconstruction; saved validation IDs match; counts, not new model results"
historical_partition_metadata,JH2_icbhi_validation,1,wheeze_masked,0,,result/reproduce/pafa_joint_hierarchy/PAFA_JH2_main_multiseed/seed_1/config.json; result/reproduce/pafa_joint_hierarchy/PAFA_JH2_main_multiseed/seed_1/validation/epoch_011.npz,Section/2data.tex; Section/4evaluation.tex,"Metadata reconstruction; saved validation IDs match; counts, not new model results"
historical_partition_metadata,JH2_icbhi_validation,1,level1_positive,756,,result/reproduce/pafa_joint_hierarchy/PAFA_JH2_main_multiseed/seed_1/config.json; result/reproduce/pafa_joint_hierarchy/PAFA_JH2_main_multiseed/seed_1/validation/epoch_011.npz,Section/2data.tex; Section/4evaluation.tex,"Metadata reconstruction; saved validation IDs match; counts, not new model results"
historical_partition_metadata,JH2_icbhi_validation,1,crackle_positive,664,,result/reproduce/pafa_joint_hierarchy/PAFA_JH2_main_multiseed/seed_1/config.json; result/reproduce/pafa_joint_hierarchy/PAFA_JH2_main_multiseed/seed_1/validation/epoch_011.npz,Section/2data.tex; Section/4evaluation.tex,"Metadata reconstruction; saved validation IDs match; counts, not new model results"
historical_partition_metadata,JH2_icbhi_validation,1,wheeze_positive,218,,result/reproduce/pafa_joint_hierarchy/PAFA_JH2_main_multiseed/seed_1/config.json; result/reproduce/pafa_joint_hierarchy/PAFA_JH2_main_multiseed/seed_1/validation/epoch_011.npz,Section/2data.tex; Section/4evaluation.tex,"Metadata reconstruction; saved validation IDs match; counts, not new model results"
historical_partition_metadata,JH2_icbhi_validation,1,level1_negative,506,,result/reproduce/pafa_joint_hierarchy/PAFA_JH2_main_multiseed/seed_1/config.json; result/reproduce/pafa_joint_hierarchy/PAFA_JH2_main_multiseed/seed_1/validation/epoch_011.npz,Section/2data.tex; Section/4evaluation.tex,"Metadata reconstruction; saved validation IDs match; counts, not new model results"
historical_partition_metadata,JH2_icbhi_validation,1,crackle_negative,598,,result/reproduce/pafa_joint_hierarchy/PAFA_JH2_main_multiseed/seed_1/config.json; result/reproduce/pafa_joint_hierarchy/PAFA_JH2_main_multiseed/seed_1/validation/epoch_011.npz,Section/2data.tex; Section/4evaluation.tex,"Metadata reconstruction; saved validation IDs match; counts, not new model results"
historical_partition_metadata,JH2_icbhi_validation,1,wheeze_negative,1044,,result/reproduce/pafa_joint_hierarchy/PAFA_JH2_main_multiseed/seed_1/config.json; result/reproduce/pafa_joint_hierarchy/PAFA_JH2_main_multiseed/seed_1/validation/epoch_011.npz,Section/2data.tex; Section/4evaluation.tex,"Metadata reconstruction; saved validation IDs match; counts, not new model results"
historical_partition_metadata,JH2_sprsound_subtrain,1,units,5219,,result/reproduce/pafa_joint_hierarchy/PAFA_JH2_main_multiseed/seed_1/config.json; result/reproduce/pafa_joint_hierarchy/PAFA_JH2_main_multiseed/seed_1/validation/epoch_011.npz,Section/2data.tex; Section/4evaluation.tex,"Metadata reconstruction; saved validation IDs match; counts, not new model results"
historical_partition_metadata,JH2_sprsound_subtrain,1,groups,194,,result/reproduce/pafa_joint_hierarchy/PAFA_JH2_main_multiseed/seed_1/config.json; result/reproduce/pafa_joint_hierarchy/PAFA_JH2_main_multiseed/seed_1/validation/epoch_011.npz,Section/2data.tex; Section/4evaluation.tex,"Metadata reconstruction; saved validation IDs match; counts, not new model results"
historical_partition_metadata,JH2_sprsound_subtrain,1,level1_eligible,5219,,result/reproduce/pafa_joint_hierarchy/PAFA_JH2_main_multiseed/seed_1/config.json; result/reproduce/pafa_joint_hierarchy/PAFA_JH2_main_multiseed/seed_1/validation/epoch_011.npz,Section/2data.tex; Section/4evaluation.tex,"Metadata reconstruction; saved validation IDs match; counts, not new model results"
historical_partition_metadata,JH2_sprsound_subtrain,1,crackle_eligible,5170,,result/reproduce/pafa_joint_hierarchy/PAFA_JH2_main_multiseed/seed_1/config.json; result/reproduce/pafa_joint_hierarchy/PAFA_JH2_main_multiseed/seed_1/validation/epoch_011.npz,Section/2data.tex; Section/4evaluation.tex,"Metadata reconstruction; saved validation IDs match; counts, not new model results"
historical_partition_metadata,JH2_sprsound_subtrain,1,wheeze_eligible,5170,,result/reproduce/pafa_joint_hierarchy/PAFA_JH2_main_multiseed/seed_1/config.json; result/reproduce/pafa_joint_hierarchy/PAFA_JH2_main_multiseed/seed_1/validation/epoch_011.npz,Section/2data.tex; Section/4evaluation.tex,"Metadata reconstruction; saved validation IDs match; counts, not new model results"
historical_partition_metadata,JH2_sprsound_subtrain,1,level1_masked,0,,result/reproduce/pafa_joint_hierarchy/PAFA_JH2_main_multiseed/seed_1/config.json; result/reproduce/pafa_joint_hierarchy/PAFA_JH2_main_multiseed/seed_1/validation/epoch_011.npz,Section/2data.tex; Section/4evaluation.tex,"Metadata reconstruction; saved validation IDs match; counts, not new model results"
historical_partition_metadata,JH2_sprsound_subtrain,1,crackle_masked,49,,result/reproduce/pafa_joint_hierarchy/PAFA_JH2_main_multiseed/seed_1/config.json; result/reproduce/pafa_joint_hierarchy/PAFA_JH2_main_multiseed/seed_1/validation/epoch_011.npz,Section/2data.tex; Section/4evaluation.tex,"Metadata reconstruction; saved validation IDs match; counts, not new model results"
historical_partition_metadata,JH2_sprsound_subtrain,1,wheeze_masked,49,,result/reproduce/pafa_joint_hierarchy/PAFA_JH2_main_multiseed/seed_1/config.json; result/reproduce/pafa_joint_hierarchy/PAFA_JH2_main_multiseed/seed_1/validation/epoch_011.npz,Section/2data.tex; Section/4evaluation.tex,"Metadata reconstruction; saved validation IDs match; counts, not new model results"
historical_partition_metadata,JH2_sprsound_subtrain,1,level1_positive,1105,,result/reproduce/pafa_joint_hierarchy/PAFA_JH2_main_multiseed/seed_1/config.json; result/reproduce/pafa_joint_hierarchy/PAFA_JH2_main_multiseed/seed_1/validation/epoch_011.npz,Section/2data.tex; Section/4evaluation.tex,"Metadata reconstruction; saved validation IDs match; counts, not new model results"
historical_partition_metadata,JH2_sprsound_subtrain,1,crackle_positive,660,,result/reproduce/pafa_joint_hierarchy/PAFA_JH2_main_multiseed/seed_1/config.json; result/reproduce/pafa_joint_hierarchy/PAFA_JH2_main_multiseed/seed_1/validation/epoch_011.npz,Section/2data.tex; Section/4evaluation.tex,"Metadata reconstruction; saved validation IDs match; counts, not new model results"
historical_partition_metadata,JH2_sprsound_subtrain,1,wheeze_positive,417,,result/reproduce/pafa_joint_hierarchy/PAFA_JH2_main_multiseed/seed_1/config.json; result/reproduce/pafa_joint_hierarchy/PAFA_JH2_main_multiseed/seed_1/validation/epoch_011.npz,Section/2data.tex; Section/4evaluation.tex,"Metadata reconstruction; saved validation IDs match; counts, not new model results"
historical_partition_metadata,JH2_sprsound_subtrain,1,level1_negative,4114,,result/reproduce/pafa_joint_hierarchy/PAFA_JH2_main_multiseed/seed_1/config.json; result/reproduce/pafa_joint_hierarchy/PAFA_JH2_main_multiseed/seed_1/validation/epoch_011.npz,Section/2data.tex; Section/4evaluation.tex,"Metadata reconstruction; saved validation IDs match; counts, not new model results"
historical_partition_metadata,JH2_sprsound_subtrain,1,crackle_negative,4510,,result/reproduce/pafa_joint_hierarchy/PAFA_JH2_main_multiseed/seed_1/config.json; result/reproduce/pafa_joint_hierarchy/PAFA_JH2_main_multiseed/seed_1/validation/epoch_011.npz,Section/2data.tex; Section/4evaluation.tex,"Metadata reconstruction; saved validation IDs match; counts, not new model results"
historical_partition_metadata,JH2_sprsound_subtrain,1,wheeze_negative,4753,,result/reproduce/pafa_joint_hierarchy/PAFA_JH2_main_multiseed/seed_1/config.json; result/reproduce/pafa_joint_hierarchy/PAFA_JH2_main_multiseed/seed_1/validation/epoch_011.npz,Section/2data.tex; Section/4evaluation.tex,"Metadata reconstruction; saved validation IDs match; counts, not new model results"
historical_partition_metadata,JH2_sprsound_validation,1,units,1437,,result/reproduce/pafa_joint_hierarchy/PAFA_JH2_main_multiseed/seed_1/config.json; result/reproduce/pafa_joint_hierarchy/PAFA_JH2_main_multiseed/seed_1/validation/epoch_011.npz,Section/2data.tex; Section/4evaluation.tex,"Metadata reconstruction; saved validation IDs match; counts, not new model results"
historical_partition_metadata,JH2_sprsound_validation,1,groups,49,,result/reproduce/pafa_joint_hierarchy/PAFA_JH2_main_multiseed/seed_1/config.json; result/reproduce/pafa_joint_hierarchy/PAFA_JH2_main_multiseed/seed_1/validation/epoch_011.npz,Section/2data.tex; Section/4evaluation.tex,"Metadata reconstruction; saved validation IDs match; counts, not new model results"
historical_partition_metadata,JH2_sprsound_validation,1,level1_eligible,1437,,result/reproduce/pafa_joint_hierarchy/PAFA_JH2_main_multiseed/seed_1/config.json; result/reproduce/pafa_joint_hierarchy/PAFA_JH2_main_multiseed/seed_1/validation/epoch_011.npz,Section/2data.tex; Section/4evaluation.tex,"Metadata reconstruction; saved validation IDs match; counts, not new model results"
historical_partition_metadata,JH2_sprsound_validation,1,crackle_eligible,1432,,result/reproduce/pafa_joint_hierarchy/PAFA_JH2_main_multiseed/seed_1/config.json; result/reproduce/pafa_joint_hierarchy/PAFA_JH2_main_multiseed/seed_1/validation/epoch_011.npz,Section/2data.tex; Section/4evaluation.tex,"Metadata reconstruction; saved validation IDs match; counts, not new model results"
historical_partition_metadata,JH2_sprsound_validation,1,wheeze_eligible,1432,,result/reproduce/pafa_joint_hierarchy/PAFA_JH2_main_multiseed/seed_1/config.json; result/reproduce/pafa_joint_hierarchy/PAFA_JH2_main_multiseed/seed_1/validation/epoch_011.npz,Section/2data.tex; Section/4evaluation.tex,"Metadata reconstruction; saved validation IDs match; counts, not new model results"
historical_partition_metadata,JH2_sprsound_validation,1,level1_masked,0,,result/reproduce/pafa_joint_hierarchy/PAFA_JH2_main_multiseed/seed_1/config.json; result/reproduce/pafa_joint_hierarchy/PAFA_JH2_main_multiseed/seed_1/validation/epoch_011.npz,Section/2data.tex; Section/4evaluation.tex,"Metadata reconstruction; saved validation IDs match; counts, not new model results"
historical_partition_metadata,JH2_sprsound_validation,1,crackle_masked,5,,result/reproduce/pafa_joint_hierarchy/PAFA_JH2_main_multiseed/seed_1/config.json; result/reproduce/pafa_joint_hierarchy/PAFA_JH2_main_multiseed/seed_1/validation/epoch_011.npz,Section/2data.tex; Section/4evaluation.tex,"Metadata reconstruction; saved validation IDs match; counts, not new model results"
historical_partition_metadata,JH2_sprsound_validation,1,wheeze_masked,5,,result/reproduce/pafa_joint_hierarchy/PAFA_JH2_main_multiseed/seed_1/config.json; result/reproduce/pafa_joint_hierarchy/PAFA_JH2_main_multiseed/seed_1/validation/epoch_011.npz,Section/2data.tex; Section/4evaluation.tex,"Metadata reconstruction; saved validation IDs match; counts, not new model results"
historical_partition_metadata,JH2_sprsound_validation,1,level1_positive,392,,result/reproduce/pafa_joint_hierarchy/PAFA_JH2_main_multiseed/seed_1/config.json; result/reproduce/pafa_joint_hierarchy/PAFA_JH2_main_multiseed/seed_1/validation/epoch_011.npz,Section/2data.tex; Section/4evaluation.tex,"Metadata reconstruction; saved validation IDs match; counts, not new model results"
historical_partition_metadata,JH2_sprsound_validation,1,crackle_positive,331,,result/reproduce/pafa_joint_hierarchy/PAFA_JH2_main_multiseed/seed_1/config.json; result/reproduce/pafa_joint_hierarchy/PAFA_JH2_main_multiseed/seed_1/validation/epoch_011.npz,Section/2data.tex; Section/4evaluation.tex,"Metadata reconstruction; saved validation IDs match; counts, not new model results"
historical_partition_metadata,JH2_sprsound_validation,1,wheeze_positive,65,,result/reproduce/pafa_joint_hierarchy/PAFA_JH2_main_multiseed/seed_1/config.json; result/reproduce/pafa_joint_hierarchy/PAFA_JH2_main_multiseed/seed_1/validation/epoch_011.npz,Section/2data.tex; Section/4evaluation.tex,"Metadata reconstruction; saved validation IDs match; counts, not new model results"
historical_partition_metadata,JH2_sprsound_validation,1,level1_negative,1045,,result/reproduce/pafa_joint_hierarchy/PAFA_JH2_main_multiseed/seed_1/config.json; result/reproduce/pafa_joint_hierarchy/PAFA_JH2_main_multiseed/seed_1/validation/epoch_011.npz,Section/2data.tex; Section/4evaluation.tex,"Metadata reconstruction; saved validation IDs match; counts, not new model results"
historical_partition_metadata,JH2_sprsound_validation,1,crackle_negative,1101,,result/reproduce/pafa_joint_hierarchy/PAFA_JH2_main_multiseed/seed_1/config.json; result/reproduce/pafa_joint_hierarchy/PAFA_JH2_main_multiseed/seed_1/validation/epoch_011.npz,Section/2data.tex; Section/4evaluation.tex,"Metadata reconstruction; saved validation IDs match; counts, not new model results"
historical_partition_metadata,JH2_sprsound_validation,1,wheeze_negative,1367,,result/reproduce/pafa_joint_hierarchy/PAFA_JH2_main_multiseed/seed_1/config.json; result/reproduce/pafa_joint_hierarchy/PAFA_JH2_main_multiseed/seed_1/validation/epoch_011.npz,Section/2data.tex; Section/4evaluation.tex,"Metadata reconstruction; saved validation IDs match; counts, not new model results"
historical_partition_metadata,JH2_icbhi_subtrain,42,units,3174,,result/reproduce/pafa_joint_hierarchy/PAFA_JH2_main_multiseed/seed_42/config.json; result/reproduce/pafa_joint_hierarchy/PAFA_JH2_main_multiseed/seed_42/validation/epoch_017.npz,Section/2data.tex; Section/4evaluation.tex,"Metadata reconstruction; saved validation IDs match; counts, not new model results"
historical_partition_metadata,JH2_icbhi_subtrain,42,groups,63,,result/reproduce/pafa_joint_hierarchy/PAFA_JH2_main_multiseed/seed_42/config.json; result/reproduce/pafa_joint_hierarchy/PAFA_JH2_main_multiseed/seed_42/validation/epoch_017.npz,Section/2data.tex; Section/4evaluation.tex,"Metadata reconstruction; saved validation IDs match; counts, not new model results"
historical_partition_metadata,JH2_icbhi_subtrain,42,level1_eligible,3174,,result/reproduce/pafa_joint_hierarchy/PAFA_JH2_main_multiseed/seed_42/config.json; result/reproduce/pafa_joint_hierarchy/PAFA_JH2_main_multiseed/seed_42/validation/epoch_017.npz,Section/2data.tex; Section/4evaluation.tex,"Metadata reconstruction; saved validation IDs match; counts, not new model results"
historical_partition_metadata,JH2_icbhi_subtrain,42,crackle_eligible,3174,,result/reproduce/pafa_joint_hierarchy/PAFA_JH2_main_multiseed/seed_42/config.json; result/reproduce/pafa_joint_hierarchy/PAFA_JH2_main_multiseed/seed_42/validation/epoch_017.npz,Section/2data.tex; Section/4evaluation.tex,"Metadata reconstruction; saved validation IDs match; counts, not new model results"
historical_partition_metadata,JH2_icbhi_subtrain,42,wheeze_eligible,3174,,result/reproduce/pafa_joint_hierarchy/PAFA_JH2_main_multiseed/seed_42/config.json; result/reproduce/pafa_joint_hierarchy/PAFA_JH2_main_multiseed/seed_42/validation/epoch_017.npz,Section/2data.tex; Section/4evaluation.tex,"Metadata reconstruction; saved validation IDs match; counts, not new model results"
historical_partition_metadata,JH2_icbhi_subtrain,42,level1_masked,0,,result/reproduce/pafa_joint_hierarchy/PAFA_JH2_main_multiseed/seed_42/config.json; result/reproduce/pafa_joint_hierarchy/PAFA_JH2_main_multiseed/seed_42/validation/epoch_017.npz,Section/2data.tex; Section/4evaluation.tex,"Metadata reconstruction; saved validation IDs match; counts, not new model results"
historical_partition_metadata,JH2_icbhi_subtrain,42,crackle_masked,0,,result/reproduce/pafa_joint_hierarchy/PAFA_JH2_main_multiseed/seed_42/config.json; result/reproduce/pafa_joint_hierarchy/PAFA_JH2_main_multiseed/seed_42/validation/epoch_017.npz,Section/2data.tex; Section/4evaluation.tex,"Metadata reconstruction; saved validation IDs match; counts, not new model results"
historical_partition_metadata,JH2_icbhi_subtrain,42,wheeze_masked,0,,result/reproduce/pafa_joint_hierarchy/PAFA_JH2_main_multiseed/seed_42/config.json; result/reproduce/pafa_joint_hierarchy/PAFA_JH2_main_multiseed/seed_42/validation/epoch_017.npz,Section/2data.tex; Section/4evaluation.tex,"Metadata reconstruction; saved validation IDs match; counts, not new model results"
historical_partition_metadata,JH2_icbhi_subtrain,42,level1_positive,1662,,result/reproduce/pafa_joint_hierarchy/PAFA_JH2_main_multiseed/seed_42/config.json; result/reproduce/pafa_joint_hierarchy/PAFA_JH2_main_multiseed/seed_42/validation/epoch_017.npz,Section/2data.tex; Section/4evaluation.tex,"Metadata reconstruction; saved validation IDs match; counts, not new model results"
historical_partition_metadata,JH2_icbhi_subtrain,42,crackle_positive,1295,,result/reproduce/pafa_joint_hierarchy/PAFA_JH2_main_multiseed/seed_42/config.json; result/reproduce/pafa_joint_hierarchy/PAFA_JH2_main_multiseed/seed_42/validation/epoch_017.npz,Section/2data.tex; Section/4evaluation.tex,"Metadata reconstruction; saved validation IDs match; counts, not new model results"
historical_partition_metadata,JH2_icbhi_subtrain,42,wheeze_positive,620,,result/reproduce/pafa_joint_hierarchy/PAFA_JH2_main_multiseed/seed_42/config.json; result/reproduce/pafa_joint_hierarchy/PAFA_JH2_main_multiseed/seed_42/validation/epoch_017.npz,Section/2data.tex; Section/4evaluation.tex,"Metadata reconstruction; saved validation IDs match; counts, not new model results"
historical_partition_metadata,JH2_icbhi_subtrain,42,level1_negative,1512,,result/reproduce/pafa_joint_hierarchy/PAFA_JH2_main_multiseed/seed_42/config.json; result/reproduce/pafa_joint_hierarchy/PAFA_JH2_main_multiseed/seed_42/validation/epoch_017.npz,Section/2data.tex; Section/4evaluation.tex,"Metadata reconstruction; saved validation IDs match; counts, not new model results"
historical_partition_metadata,JH2_icbhi_subtrain,42,crackle_negative,1879,,result/reproduce/pafa_joint_hierarchy/PAFA_JH2_main_multiseed/seed_42/config.json; result/reproduce/pafa_joint_hierarchy/PAFA_JH2_main_multiseed/seed_42/validation/epoch_017.npz,Section/2data.tex; Section/4evaluation.tex,"Metadata reconstruction; saved validation IDs match; counts, not new model results"
historical_partition_metadata,JH2_icbhi_subtrain,42,wheeze_negative,2554,,result/reproduce/pafa_joint_hierarchy/PAFA_JH2_main_multiseed/seed_42/config.json; result/reproduce/pafa_joint_hierarchy/PAFA_JH2_main_multiseed/seed_42/validation/epoch_017.npz,Section/2data.tex; Section/4evaluation.tex,"Metadata reconstruction; saved validation IDs match; counts, not new model results"
historical_partition_metadata,JH2_icbhi_validation,42,units,968,,result/reproduce/pafa_joint_hierarchy/PAFA_JH2_main_multiseed/seed_42/config.json; result/reproduce/pafa_joint_hierarchy/PAFA_JH2_main_multiseed/seed_42/validation/epoch_017.npz,Section/2data.tex; Section/4evaluation.tex,"Metadata reconstruction; saved validation IDs match; counts, not new model results"
historical_partition_metadata,JH2_icbhi_validation,42,groups,16,,result/reproduce/pafa_joint_hierarchy/PAFA_JH2_main_multiseed/seed_42/config.json; result/reproduce/pafa_joint_hierarchy/PAFA_JH2_main_multiseed/seed_42/validation/epoch_017.npz,Section/2data.tex; Section/4evaluation.tex,"Metadata reconstruction; saved validation IDs match; counts, not new model results"
historical_partition_metadata,JH2_icbhi_validation,42,level1_eligible,968,,result/reproduce/pafa_joint_hierarchy/PAFA_JH2_main_multiseed/seed_42/config.json; result/reproduce/pafa_joint_hierarchy/PAFA_JH2_main_multiseed/seed_42/validation/epoch_017.npz,Section/2data.tex; Section/4evaluation.tex,"Metadata reconstruction; saved validation IDs match; counts, not new model results"
historical_partition_metadata,JH2_icbhi_validation,42,crackle_eligible,968,,result/reproduce/pafa_joint_hierarchy/PAFA_JH2_main_multiseed/seed_42/config.json; result/reproduce/pafa_joint_hierarchy/PAFA_JH2_main_multiseed/seed_42/validation/epoch_017.npz,Section/2data.tex; Section/4evaluation.tex,"Metadata reconstruction; saved validation IDs match; counts, not new model results"
historical_partition_metadata,JH2_icbhi_validation,42,wheeze_eligible,968,,result/reproduce/pafa_joint_hierarchy/PAFA_JH2_main_multiseed/seed_42/config.json; result/reproduce/pafa_joint_hierarchy/PAFA_JH2_main_multiseed/seed_42/validation/epoch_017.npz,Section/2data.tex; Section/4evaluation.tex,"Metadata reconstruction; saved validation IDs match; counts, not new model results"
historical_partition_metadata,JH2_icbhi_validation,42,level1_masked,0,,result/reproduce/pafa_joint_hierarchy/PAFA_JH2_main_multiseed/seed_42/config.json; result/reproduce/pafa_joint_hierarchy/PAFA_JH2_main_multiseed/seed_42/validation/epoch_017.npz,Section/2data.tex; Section/4evaluation.tex,"Metadata reconstruction; saved validation IDs match; counts, not new model results"
historical_partition_metadata,JH2_icbhi_validation,42,crackle_masked,0,,result/reproduce/pafa_joint_hierarchy/PAFA_JH2_main_multiseed/seed_42/config.json; result/reproduce/pafa_joint_hierarchy/PAFA_JH2_main_multiseed/seed_42/validation/epoch_017.npz,Section/2data.tex; Section/4evaluation.tex,"Metadata reconstruction; saved validation IDs match; counts, not new model results"
historical_partition_metadata,JH2_icbhi_validation,42,wheeze_masked,0,,result/reproduce/pafa_joint_hierarchy/PAFA_JH2_main_multiseed/seed_42/config.json; result/reproduce/pafa_joint_hierarchy/PAFA_JH2_main_multiseed/seed_42/validation/epoch_017.npz,Section/2data.tex; Section/4evaluation.tex,"Metadata reconstruction; saved validation IDs match; counts, not new model results"
historical_partition_metadata,JH2_icbhi_validation,42,level1_positive,417,,result/reproduce/pafa_joint_hierarchy/PAFA_JH2_main_multiseed/seed_42/config.json; result/reproduce/pafa_joint_hierarchy/PAFA_JH2_main_multiseed/seed_42/validation/epoch_017.npz,Section/2data.tex; Section/4evaluation.tex,"Metadata reconstruction; saved validation IDs match; counts, not new model results"
historical_partition_metadata,JH2_icbhi_validation,42,crackle_positive,283,,result/reproduce/pafa_joint_hierarchy/PAFA_JH2_main_multiseed/seed_42/config.json; result/reproduce/pafa_joint_hierarchy/PAFA_JH2_main_multiseed/seed_42/validation/epoch_017.npz,Section/2data.tex; Section/4evaluation.tex,"Metadata reconstruction; saved validation IDs match; counts, not new model results"
historical_partition_metadata,JH2_icbhi_validation,42,wheeze_positive,244,,result/reproduce/pafa_joint_hierarchy/PAFA_JH2_main_multiseed/seed_42/config.json; result/reproduce/pafa_joint_hierarchy/PAFA_JH2_main_multiseed/seed_42/validation/epoch_017.npz,Section/2data.tex; Section/4evaluation.tex,"Metadata reconstruction; saved validation IDs match; counts, not new model results"
historical_partition_metadata,JH2_icbhi_validation,42,level1_negative,551,,result/reproduce/pafa_joint_hierarchy/PAFA_JH2_main_multiseed/seed_42/config.json; result/reproduce/pafa_joint_hierarchy/PAFA_JH2_main_multiseed/seed_42/validation/epoch_017.npz,Section/2data.tex; Section/4evaluation.tex,"Metadata reconstruction; saved validation IDs match; counts, not new model results"
historical_partition_metadata,JH2_icbhi_validation,42,crackle_negative,685,,result/reproduce/pafa_joint_hierarchy/PAFA_JH2_main_multiseed/seed_42/config.json; result/reproduce/pafa_joint_hierarchy/PAFA_JH2_main_multiseed/seed_42/validation/epoch_017.npz,Section/2data.tex; Section/4evaluation.tex,"Metadata reconstruction; saved validation IDs match; counts, not new model results"
historical_partition_metadata,JH2_icbhi_validation,42,wheeze_negative,724,,result/reproduce/pafa_joint_hierarchy/PAFA_JH2_main_multiseed/seed_42/config.json; result/reproduce/pafa_joint_hierarchy/PAFA_JH2_main_multiseed/seed_42/validation/epoch_017.npz,Section/2data.tex; Section/4evaluation.tex,"Metadata reconstruction; saved validation IDs match; counts, not new model results"
historical_partition_metadata,JH2_sprsound_subtrain,42,units,5219,,result/reproduce/pafa_joint_hierarchy/PAFA_JH2_main_multiseed/seed_42/config.json; result/reproduce/pafa_joint_hierarchy/PAFA_JH2_main_multiseed/seed_42/validation/epoch_017.npz,Section/2data.tex; Section/4evaluation.tex,"Metadata reconstruction; saved validation IDs match; counts, not new model results"
historical_partition_metadata,JH2_sprsound_subtrain,42,groups,194,,result/reproduce/pafa_joint_hierarchy/PAFA_JH2_main_multiseed/seed_42/config.json; result/reproduce/pafa_joint_hierarchy/PAFA_JH2_main_multiseed/seed_42/validation/epoch_017.npz,Section/2data.tex; Section/4evaluation.tex,"Metadata reconstruction; saved validation IDs match; counts, not new model results"
historical_partition_metadata,JH2_sprsound_subtrain,42,level1_eligible,5219,,result/reproduce/pafa_joint_hierarchy/PAFA_JH2_main_multiseed/seed_42/config.json; result/reproduce/pafa_joint_hierarchy/PAFA_JH2_main_multiseed/seed_42/validation/epoch_017.npz,Section/2data.tex; Section/4evaluation.tex,"Metadata reconstruction; saved validation IDs match; counts, not new model results"
historical_partition_metadata,JH2_sprsound_subtrain,42,crackle_eligible,5170,,result/reproduce/pafa_joint_hierarchy/PAFA_JH2_main_multiseed/seed_42/config.json; result/reproduce/pafa_joint_hierarchy/PAFA_JH2_main_multiseed/seed_42/validation/epoch_017.npz,Section/2data.tex; Section/4evaluation.tex,"Metadata reconstruction; saved validation IDs match; counts, not new model results"
historical_partition_metadata,JH2_sprsound_subtrain,42,wheeze_eligible,5170,,result/reproduce/pafa_joint_hierarchy/PAFA_JH2_main_multiseed/seed_42/config.json; result/reproduce/pafa_joint_hierarchy/PAFA_JH2_main_multiseed/seed_42/validation/epoch_017.npz,Section/2data.tex; Section/4evaluation.tex,"Metadata reconstruction; saved validation IDs match; counts, not new model results"
historical_partition_metadata,JH2_sprsound_subtrain,42,level1_masked,0,,result/reproduce/pafa_joint_hierarchy/PAFA_JH2_main_multiseed/seed_42/config.json; result/reproduce/pafa_joint_hierarchy/PAFA_JH2_main_multiseed/seed_42/validation/epoch_017.npz,Section/2data.tex; Section/4evaluation.tex,"Metadata reconstruction; saved validation IDs match; counts, not new model results"
historical_partition_metadata,JH2_sprsound_subtrain,42,crackle_masked,49,,result/reproduce/pafa_joint_hierarchy/PAFA_JH2_main_multiseed/seed_42/config.json; result/reproduce/pafa_joint_hierarchy/PAFA_JH2_main_multiseed/seed_42/validation/epoch_017.npz,Section/2data.tex; Section/4evaluation.tex,"Metadata reconstruction; saved validation IDs match; counts, not new model results"
historical_partition_metadata,JH2_sprsound_subtrain,42,wheeze_masked,49,,result/reproduce/pafa_joint_hierarchy/PAFA_JH2_main_multiseed/seed_42/config.json; result/reproduce/pafa_joint_hierarchy/PAFA_JH2_main_multiseed/seed_42/validation/epoch_017.npz,Section/2data.tex; Section/4evaluation.tex,"Metadata reconstruction; saved validation IDs match; counts, not new model results"
historical_partition_metadata,JH2_sprsound_subtrain,42,level1_positive,1105,,result/reproduce/pafa_joint_hierarchy/PAFA_JH2_main_multiseed/seed_42/config.json; result/reproduce/pafa_joint_hierarchy/PAFA_JH2_main_multiseed/seed_42/validation/epoch_017.npz,Section/2data.tex; Section/4evaluation.tex,"Metadata reconstruction; saved validation IDs match; counts, not new model results"
historical_partition_metadata,JH2_sprsound_subtrain,42,crackle_positive,660,,result/reproduce/pafa_joint_hierarchy/PAFA_JH2_main_multiseed/seed_42/config.json; result/reproduce/pafa_joint_hierarchy/PAFA_JH2_main_multiseed/seed_42/validation/epoch_017.npz,Section/2data.tex; Section/4evaluation.tex,"Metadata reconstruction; saved validation IDs match; counts, not new model results"
historical_partition_metadata,JH2_sprsound_subtrain,42,wheeze_positive,417,,result/reproduce/pafa_joint_hierarchy/PAFA_JH2_main_multiseed/seed_42/config.json; result/reproduce/pafa_joint_hierarchy/PAFA_JH2_main_multiseed/seed_42/validation/epoch_017.npz,Section/2data.tex; Section/4evaluation.tex,"Metadata reconstruction; saved validation IDs match; counts, not new model results"
historical_partition_metadata,JH2_sprsound_subtrain,42,level1_negative,4114,,result/reproduce/pafa_joint_hierarchy/PAFA_JH2_main_multiseed/seed_42/config.json; result/reproduce/pafa_joint_hierarchy/PAFA_JH2_main_multiseed/seed_42/validation/epoch_017.npz,Section/2data.tex; Section/4evaluation.tex,"Metadata reconstruction; saved validation IDs match; counts, not new model results"
historical_partition_metadata,JH2_sprsound_subtrain,42,crackle_negative,4510,,result/reproduce/pafa_joint_hierarchy/PAFA_JH2_main_multiseed/seed_42/config.json; result/reproduce/pafa_joint_hierarchy/PAFA_JH2_main_multiseed/seed_42/validation/epoch_017.npz,Section/2data.tex; Section/4evaluation.tex,"Metadata reconstruction; saved validation IDs match; counts, not new model results"
historical_partition_metadata,JH2_sprsound_subtrain,42,wheeze_negative,4753,,result/reproduce/pafa_joint_hierarchy/PAFA_JH2_main_multiseed/seed_42/config.json; result/reproduce/pafa_joint_hierarchy/PAFA_JH2_main_multiseed/seed_42/validation/epoch_017.npz,Section/2data.tex; Section/4evaluation.tex,"Metadata reconstruction; saved validation IDs match; counts, not new model results"
historical_partition_metadata,JH2_sprsound_validation,42,units,1437,,result/reproduce/pafa_joint_hierarchy/PAFA_JH2_main_multiseed/seed_42/config.json; result/reproduce/pafa_joint_hierarchy/PAFA_JH2_main_multiseed/seed_42/validation/epoch_017.npz,Section/2data.tex; Section/4evaluation.tex,"Metadata reconstruction; saved validation IDs match; counts, not new model results"
historical_partition_metadata,JH2_sprsound_validation,42,groups,49,,result/reproduce/pafa_joint_hierarchy/PAFA_JH2_main_multiseed/seed_42/config.json; result/reproduce/pafa_joint_hierarchy/PAFA_JH2_main_multiseed/seed_42/validation/epoch_017.npz,Section/2data.tex; Section/4evaluation.tex,"Metadata reconstruction; saved validation IDs match; counts, not new model results"
historical_partition_metadata,JH2_sprsound_validation,42,level1_eligible,1437,,result/reproduce/pafa_joint_hierarchy/PAFA_JH2_main_multiseed/seed_42/config.json; result/reproduce/pafa_joint_hierarchy/PAFA_JH2_main_multiseed/seed_42/validation/epoch_017.npz,Section/2data.tex; Section/4evaluation.tex,"Metadata reconstruction; saved validation IDs match; counts, not new model results"
historical_partition_metadata,JH2_sprsound_validation,42,crackle_eligible,1432,,result/reproduce/pafa_joint_hierarchy/PAFA_JH2_main_multiseed/seed_42/config.json; result/reproduce/pafa_joint_hierarchy/PAFA_JH2_main_multiseed/seed_42/validation/epoch_017.npz,Section/2data.tex; Section/4evaluation.tex,"Metadata reconstruction; saved validation IDs match; counts, not new model results"
historical_partition_metadata,JH2_sprsound_validation,42,wheeze_eligible,1432,,result/reproduce/pafa_joint_hierarchy/PAFA_JH2_main_multiseed/seed_42/config.json; result/reproduce/pafa_joint_hierarchy/PAFA_JH2_main_multiseed/seed_42/validation/epoch_017.npz,Section/2data.tex; Section/4evaluation.tex,"Metadata reconstruction; saved validation IDs match; counts, not new model results"
historical_partition_metadata,JH2_sprsound_validation,42,level1_masked,0,,result/reproduce/pafa_joint_hierarchy/PAFA_JH2_main_multiseed/seed_42/config.json; result/reproduce/pafa_joint_hierarchy/PAFA_JH2_main_multiseed/seed_42/validation/epoch_017.npz,Section/2data.tex; Section/4evaluation.tex,"Metadata reconstruction; saved validation IDs match; counts, not new model results"
historical_partition_metadata,JH2_sprsound_validation,42,crackle_masked,5,,result/reproduce/pafa_joint_hierarchy/PAFA_JH2_main_multiseed/seed_42/config.json; result/reproduce/pafa_joint_hierarchy/PAFA_JH2_main_multiseed/seed_42/validation/epoch_017.npz,Section/2data.tex; Section/4evaluation.tex,"Metadata reconstruction; saved validation IDs match; counts, not new model results"
historical_partition_metadata,JH2_sprsound_validation,42,wheeze_masked,5,,result/reproduce/pafa_joint_hierarchy/PAFA_JH2_main_multiseed/seed_42/config.json; result/reproduce/pafa_joint_hierarchy/PAFA_JH2_main_multiseed/seed_42/validation/epoch_017.npz,Section/2data.tex; Section/4evaluation.tex,"Metadata reconstruction; saved validation IDs match; counts, not new model results"
historical_partition_metadata,JH2_sprsound_validation,42,level1_positive,392,,result/reproduce/pafa_joint_hierarchy/PAFA_JH2_main_multiseed/seed_42/config.json; result/reproduce/pafa_joint_hierarchy/PAFA_JH2_main_multiseed/seed_42/validation/epoch_017.npz,Section/2data.tex; Section/4evaluation.tex,"Metadata reconstruction; saved validation IDs match; counts, not new model results"
historical_partition_metadata,JH2_sprsound_validation,42,crackle_positive,331,,result/reproduce/pafa_joint_hierarchy/PAFA_JH2_main_multiseed/seed_42/config.json; result/reproduce/pafa_joint_hierarchy/PAFA_JH2_main_multiseed/seed_42/validation/epoch_017.npz,Section/2data.tex; Section/4evaluation.tex,"Metadata reconstruction; saved validation IDs match; counts, not new model results"
historical_partition_metadata,JH2_sprsound_validation,42,wheeze_positive,65,,result/reproduce/pafa_joint_hierarchy/PAFA_JH2_main_multiseed/seed_42/config.json; result/reproduce/pafa_joint_hierarchy/PAFA_JH2_main_multiseed/seed_42/validation/epoch_017.npz,Section/2data.tex; Section/4evaluation.tex,"Metadata reconstruction; saved validation IDs match; counts, not new model results"
historical_partition_metadata,JH2_sprsound_validation,42,level1_negative,1045,,result/reproduce/pafa_joint_hierarchy/PAFA_JH2_main_multiseed/seed_42/config.json; result/reproduce/pafa_joint_hierarchy/PAFA_JH2_main_multiseed/seed_42/validation/epoch_017.npz,Section/2data.tex; Section/4evaluation.tex,"Metadata reconstruction; saved validation IDs match; counts, not new model results"
historical_partition_metadata,JH2_sprsound_validation,42,crackle_negative,1101,,result/reproduce/pafa_joint_hierarchy/PAFA_JH2_main_multiseed/seed_42/config.json; result/reproduce/pafa_joint_hierarchy/PAFA_JH2_main_multiseed/seed_42/validation/epoch_017.npz,Section/2data.tex; Section/4evaluation.tex,"Metadata reconstruction; saved validation IDs match; counts, not new model results"
historical_partition_metadata,JH2_sprsound_validation,42,wheeze_negative,1367,,result/reproduce/pafa_joint_hierarchy/PAFA_JH2_main_multiseed/seed_42/config.json; result/reproduce/pafa_joint_hierarchy/PAFA_JH2_main_multiseed/seed_42/validation/epoch_017.npz,Section/2data.tex; Section/4evaluation.tex,"Metadata reconstruction; saved validation IDs match; counts, not new model results"
existing_recording_table,ICBHI,,rows,920,,result/acoustic_distribution/recording_features.csv,Section/2data.tex; Figure1,Recording-level descriptive table; HF grouping uses recording-date proxy
existing_recording_table,ICBHI,,groups,126,,result/acoustic_distribution/recording_features.csv,Section/2data.tex; Figure1,Recording-level descriptive table; HF grouping uses recording-date proxy
existing_recording_table,ICBHI,,duration_seconds_mean,21.492424,,result/acoustic_distribution/recording_features.csv,Section/2data.tex; Figure1,Existing feature table; no new feature extraction
existing_recording_table,ICBHI,,duration_seconds_median,20.0,,result/acoustic_distribution/recording_features.csv,Section/2data.tex; Figure1,Existing feature table; no new feature extraction
existing_recording_table,ICBHI,,duration_seconds_min,7.856,,result/acoustic_distribution/recording_features.csv,Section/2data.tex; Figure1,Existing feature table; no new feature extraction
existing_recording_table,ICBHI,,duration_seconds_max,86.2,,result/acoustic_distribution/recording_features.csv,Section/2data.tex; Figure1,Existing feature table; no new feature extraction
existing_recording_table,SPRSound,,rows,2683,,result/acoustic_distribution/recording_features.csv,Section/2data.tex; Figure1,Recording-level descriptive table; HF grouping uses recording-date proxy
existing_recording_table,SPRSound,,groups,292,,result/acoustic_distribution/recording_features.csv,Section/2data.tex; Figure1,Recording-level descriptive table; HF grouping uses recording-date proxy
existing_recording_table,SPRSound,,duration_seconds_mean,10.952075,,result/acoustic_distribution/recording_features.csv,Section/2data.tex; Figure1,Existing feature table; no new feature extraction
existing_recording_table,SPRSound,,duration_seconds_median,9.216,,result/acoustic_distribution/recording_features.csv,Section/2data.tex; Figure1,Existing feature table; no new feature extraction
existing_recording_table,SPRSound,,duration_seconds_min,0.304,,result/acoustic_distribution/recording_features.csv,Section/2data.tex; Figure1,Existing feature table; no new feature extraction
existing_recording_table,SPRSound,,duration_seconds_max,15.36,,result/acoustic_distribution/recording_features.csv,Section/2data.tex; Figure1,Existing feature table; no new feature extraction
existing_recording_table,HF_Lung,,rows,9765,,result/acoustic_distribution/recording_features.csv,Section/2data.tex; Figure1,Recording-level descriptive table; HF grouping uses recording-date proxy
existing_recording_table,HF_Lung,,groups,157,,result/acoustic_distribution/recording_features.csv,Section/2data.tex; Figure1,Recording-level descriptive table; HF grouping uses recording-date proxy
existing_recording_table,HF_Lung,,duration_seconds_mean,15.0,,result/acoustic_distribution/recording_features.csv,Section/2data.tex; Figure1,Existing feature table; no new feature extraction
existing_recording_table,HF_Lung,,duration_seconds_median,15.0,,result/acoustic_distribution/recording_features.csv,Section/2data.tex; Figure1,Existing feature table; no new feature extraction
existing_recording_table,HF_Lung,,duration_seconds_min,15.0,,result/acoustic_distribution/recording_features.csv,Section/2data.tex; Figure1,Existing feature table; no new feature extraction
existing_recording_table,HF_Lung,,duration_seconds_max,15.0,,result/acoustic_distribution/recording_features.csv,Section/2data.tex; Figure1,Existing feature table; no new feature extraction
existing_recording_table,KAUH,,rows,336,,result/acoustic_distribution/recording_features.csv,Section/2data.tex; Figure1,Recording-level descriptive table; HF grouping uses recording-date proxy
existing_recording_table,KAUH,,groups,112,,result/acoustic_distribution/recording_features.csv,Section/2data.tex; Figure1,Recording-level descriptive table; HF grouping uses recording-date proxy
existing_recording_table,KAUH,,duration_seconds_mean,17.399119,,result/acoustic_distribution/recording_features.csv,Section/2data.tex; Figure1,Existing feature table; no new feature extraction
existing_recording_table,KAUH,,duration_seconds_median,15.984,,result/acoustic_distribution/recording_features.csv,Section/2data.tex; Figure1,Existing feature table; no new feature extraction
existing_recording_table,KAUH,,duration_seconds_min,5.0,,result/acoustic_distribution/recording_features.csv,Section/2data.tex; Figure1,Existing feature table; no new feature extraction
existing_recording_table,KAUH,,duration_seconds_max,30.0,,result/acoustic_distribution/recording_features.csv,Section/2data.tex; Figure1,Existing feature table; no new feature extraction
posthoc_external,JH2_HF_external,3,d_recording_specificity,0.5398981324278438,0.22027513035598556,result/reproduce/pafa_joint_hierarchy/PAFA_JH2_main_multiseed_external_HF_KAUH/external_multiseed_summary.json,Section/4evaluation.tex,"fixed selected checkpoints; HF eligible recordings=957; no external threshold tuning; compatible-overlay KAUH, not raw9 reproduction"
posthoc_external,JH2_HF_external,3,d_recording_sensitivity,0.6929347826086957,0.1338160027417949,result/reproduce/pafa_joint_hierarchy/PAFA_JH2_main_multiseed_external_HF_KAUH/external_multiseed_summary.json,Section/4evaluation.tex,"fixed selected checkpoints; HF eligible recordings=957; no external threshold tuning; compatible-overlay KAUH, not raw9 reproduction"
posthoc_external,JH2_HF_external,3,d_recording_score,0.6164164575182697,0.05373422858042887,result/reproduce/pafa_joint_hierarchy/PAFA_JH2_main_multiseed_external_HF_KAUH/external_multiseed_summary.json,Section/4evaluation.tex,"fixed selected checkpoints; HF eligible recordings=957; no external threshold tuning; compatible-overlay KAUH, not raw9 reproduction"
posthoc_external,JH2_HF_external,3,d_recording_macro_f1,0.5892116170931984,0.08128460725983908,result/reproduce/pafa_joint_hierarchy/PAFA_JH2_main_multiseed_external_HF_KAUH/external_multiseed_summary.json,Section/4evaluation.tex,"fixed selected checkpoints; HF eligible recordings=957; no external threshold tuning; compatible-overlay KAUH, not raw9 reproduction"
posthoc_external,JH2_HF_external,3,d_recording_uar,0.6164164575182697,0.05373422858042887,result/reproduce/pafa_joint_hierarchy/PAFA_JH2_main_multiseed_external_HF_KAUH/external_multiseed_summary.json,Section/4evaluation.tex,"fixed selected checkpoints; HF eligible recordings=957; no external threshold tuning; compatible-overlay KAUH, not raw9 reproduction"
posthoc_external,JH2_HF_external,3,wheeze_recording_specificity,0.6177536231884058,0.024372507331655274,result/reproduce/pafa_joint_hierarchy/PAFA_JH2_main_multiseed_external_HF_KAUH/external_multiseed_summary.json,Section/4evaluation.tex,"fixed selected checkpoints; HF eligible recordings=957; no external threshold tuning; compatible-overlay KAUH, not raw9 reproduction"
posthoc_external,JH2_HF_external,3,wheeze_recording_sensitivity,0.8847736625514404,0.019178897444824795,result/reproduce/pafa_joint_hierarchy/PAFA_JH2_main_multiseed_external_HF_KAUH/external_multiseed_summary.json,Section/4evaluation.tex,"fixed selected checkpoints; HF eligible recordings=957; no external threshold tuning; compatible-overlay KAUH, not raw9 reproduction"
posthoc_external,JH2_HF_external,3,wheeze_recording_score,0.751263642869923,0.006168937705528147,result/reproduce/pafa_joint_hierarchy/PAFA_JH2_main_multiseed_external_HF_KAUH/external_multiseed_summary.json,Section/4evaluation.tex,"fixed selected checkpoints; HF eligible recordings=957; no external threshold tuning; compatible-overlay KAUH, not raw9 reproduction"
posthoc_external,JH2_HF_external,3,wheeze_recording_macro_f1,0.7305803856759763,0.008325313400163986,result/reproduce/pafa_joint_hierarchy/PAFA_JH2_main_multiseed_external_HF_KAUH/external_multiseed_summary.json,Section/4evaluation.tex,"fixed selected checkpoints; HF eligible recordings=957; no external threshold tuning; compatible-overlay KAUH, not raw9 reproduction"
posthoc_external,JH2_HF_external,3,wheeze_recording_uar,0.751263642869923,0.006168937705528147,result/reproduce/pafa_joint_hierarchy/PAFA_JH2_main_multiseed_external_HF_KAUH/external_multiseed_summary.json,Section/4evaluation.tex,"fixed selected checkpoints; HF eligible recordings=957; no external threshold tuning; compatible-overlay KAUH, not raw9 reproduction"
posthoc_external,JH2_KAUH_external,3,recording_level1_macro_f1,0.7003423337347714,0.03732341095678222,result/reproduce/pafa_joint_hierarchy/PAFA_JH2_main_multiseed_external_HF_KAUH/external_multiseed_summary.json,Section/4evaluation.tex,"fixed selected checkpoints; HF eligible recordings=957; no external threshold tuning; compatible-overlay KAUH, not raw9 reproduction"
posthoc_external,JH2_KAUH_external,3,recording_level1_uar,0.7098661686896981,0.035323787830816626,result/reproduce/pafa_joint_hierarchy/PAFA_JH2_main_multiseed_external_HF_KAUH/external_multiseed_summary.json,Section/4evaluation.tex,"fixed selected checkpoints; HF eligible recordings=957; no external threshold tuning; compatible-overlay KAUH, not raw9 reproduction"
posthoc_external,JH2_KAUH_external,3,recording_flat4_macro_f1,0.34034209964744916,0.022129255173903493,result/reproduce/pafa_joint_hierarchy/PAFA_JH2_main_multiseed_external_HF_KAUH/external_multiseed_summary.json,Section/4evaluation.tex,"fixed selected checkpoints; HF eligible recordings=957; no external threshold tuning; compatible-overlay KAUH, not raw9 reproduction"
posthoc_external,JH2_KAUH_external,3,recording_flat4_uar,0.45443524970963994,0.007857307966835064,result/reproduce/pafa_joint_hierarchy/PAFA_JH2_main_multiseed_external_HF_KAUH/external_multiseed_summary.json,Section/4evaluation.tex,"fixed selected checkpoints; HF eligible recordings=957; no external threshold tuning; compatible-overlay KAUH, not raw9 reproduction"
posthoc_external,JH2_KAUH_external,3,patient_level1_macro_f1,0.7129286752245684,0.028736860340184852,result/reproduce/pafa_joint_hierarchy/PAFA_JH2_main_multiseed_external_HF_KAUH/external_multiseed_summary.json,Section/4evaluation.tex,"fixed selected checkpoints; HF eligible recordings=957; no external threshold tuning; compatible-overlay KAUH, not raw9 reproduction"
posthoc_external,JH2_KAUH_external,3,patient_level1_uar,0.7216619981325865,0.016410677576337077,result/reproduce/pafa_joint_hierarchy/PAFA_JH2_main_multiseed_external_HF_KAUH/external_multiseed_summary.json,Section/4evaluation.tex,"fixed selected checkpoints; HF eligible recordings=957; no external threshold tuning; compatible-overlay KAUH, not raw9 reproduction"
posthoc_external,JH2_KAUH_external,3,patient_flat4_macro_f1,0.33829886556837513,0.03167574174222169,result/reproduce/pafa_joint_hierarchy/PAFA_JH2_main_multiseed_external_HF_KAUH/external_multiseed_summary.json,Section/4evaluation.tex,"fixed selected checkpoints; HF eligible recordings=957; no external threshold tuning; compatible-overlay KAUH, not raw9 reproduction"
posthoc_external,JH2_KAUH_external,3,patient_flat4_uar,0.5024099883855981,0.060990479821552535,result/reproduce/pafa_joint_hierarchy/PAFA_JH2_main_multiseed_external_HF_KAUH/external_multiseed_summary.json,Section/4evaluation.tex,"fixed selected checkpoints; HF eligible recordings=957; no external threshold tuning; compatible-overlay KAUH, not raw9 reproduction"
historical_single_seed_pair,historical_HF_off,42,d_recording_score,0.4897601867572156,,result/reproduce/pafa_joint_hierarchy/PAFA_JH4_JH2_HFaux_seed42_attempt2/JH2_vs_JH4_KAUH_external_comparison.json,Section/4evaluation.tex,historical single-seed JH4-vs-historical-JH2 pair; not matched to current clean Table2 or current JH2 0/1/fresh42 checkpoints
historical_single_seed_pair,historical_HF_off,42,d_recording_macro_f1,0.4400849895742603,,result/reproduce/pafa_joint_hierarchy/PAFA_JH4_JH2_HFaux_seed42_attempt2/JH2_vs_JH4_KAUH_external_comparison.json,Section/4evaluation.tex,historical single-seed JH4-vs-historical-JH2 pair; not matched to current clean Table2 or current JH2 0/1/fresh42 checkpoints
historical_single_seed_pair,historical_HF_off,42,d_recording_uar,0.4897601867572156,,result/reproduce/pafa_joint_hierarchy/PAFA_JH4_JH2_HFaux_seed42_attempt2/JH2_vs_JH4_KAUH_external_comparison.json,Section/4evaluation.tex,historical single-seed JH4-vs-historical-JH2 pair; not matched to current clean Table2 or current JH2 0/1/fresh42 checkpoints
historical_single_seed_pair,historical_HF_off,42,wheeze_recording_score,0.6832259796027912,,result/reproduce/pafa_joint_hierarchy/PAFA_JH4_JH2_HFaux_seed42_attempt2/JH2_vs_JH4_KAUH_external_comparison.json,Section/4evaluation.tex,historical single-seed JH4-vs-historical-JH2 pair; not matched to current clean Table2 or current JH2 0/1/fresh42 checkpoints
historical_single_seed_pair,historical_HF_off,42,wheeze_recording_macro_f1,0.6274646973535003,,result/reproduce/pafa_joint_hierarchy/PAFA_JH4_JH2_HFaux_seed42_attempt2/JH2_vs_JH4_KAUH_external_comparison.json,Section/4evaluation.tex,historical single-seed JH4-vs-historical-JH2 pair; not matched to current clean Table2 or current JH2 0/1/fresh42 checkpoints
historical_single_seed_pair,historical_HF_off,42,wheeze_recording_uar,0.6832259796027912,,result/reproduce/pafa_joint_hierarchy/PAFA_JH4_JH2_HFaux_seed42_attempt2/JH2_vs_JH4_KAUH_external_comparison.json,Section/4evaluation.tex,historical single-seed JH4-vs-historical-JH2 pair; not matched to current clean Table2 or current JH2 0/1/fresh42 checkpoints
historical_single_seed_pair,historical_HF_on,42,d_recording_score,0.6027095482394627,,result/reproduce/pafa_joint_hierarchy/PAFA_JH4_JH2_HFaux_seed42_attempt2/JH2_vs_JH4_KAUH_external_comparison.json,Section/4evaluation.tex,historical single-seed JH4-vs-historical-JH2 pair; not matched to current clean Table2 or current JH2 0/1/fresh42 checkpoints
historical_single_seed_pair,historical_HF_on,42,d_recording_macro_f1,0.4965957471191918,,result/reproduce/pafa_joint_hierarchy/PAFA_JH4_JH2_HFaux_seed42_attempt2/JH2_vs_JH4_KAUH_external_comparison.json,Section/4evaluation.tex,historical single-seed JH4-vs-historical-JH2 pair; not matched to current clean Table2 or current JH2 0/1/fresh42 checkpoints
historical_single_seed_pair,historical_HF_on,42,d_recording_uar,0.6027095482394627,,result/reproduce/pafa_joint_hierarchy/PAFA_JH4_JH2_HFaux_seed42_attempt2/JH2_vs_JH4_KAUH_external_comparison.json,Section/4evaluation.tex,historical single-seed JH4-vs-historical-JH2 pair; not matched to current clean Table2 or current JH2 0/1/fresh42 checkpoints
historical_single_seed_pair,historical_HF_on,42,wheeze_recording_score,0.8375805152979066,,result/reproduce/pafa_joint_hierarchy/PAFA_JH4_JH2_HFaux_seed42_attempt2/JH2_vs_JH4_KAUH_external_comparison.json,Section/4evaluation.tex,historical single-seed JH4-vs-historical-JH2 pair; not matched to current clean Table2 or current JH2 0/1/fresh42 checkpoints
historical_single_seed_pair,historical_HF_on,42,wheeze_recording_macro_f1,0.8381318293577673,,result/reproduce/pafa_joint_hierarchy/PAFA_JH4_JH2_HFaux_seed42_attempt2/JH2_vs_JH4_KAUH_external_comparison.json,Section/4evaluation.tex,historical single-seed JH4-vs-historical-JH2 pair; not matched to current clean Table2 or current JH2 0/1/fresh42 checkpoints
historical_single_seed_pair,historical_HF_on,42,wheeze_recording_uar,0.8375805152979066,,result/reproduce/pafa_joint_hierarchy/PAFA_JH4_JH2_HFaux_seed42_attempt2/JH2_vs_JH4_KAUH_external_comparison.json,Section/4evaluation.tex,historical single-seed JH4-vs-historical-JH2 pair; not matched to current clean Table2 or current JH2 0/1/fresh42 checkpoints
posthoc_external,JH3_3_HF_external,1,d_recording_score,0.5671089540119584,,result/reproduce/pafa_joint_hierarchy/PAFA_JH3_3_HF_KAUH_external_seed42/run_summary.json,Section/4evaluation.tex,"user-authorized fixed JH3.3 checkpoint external diagnostic; selected epoch21; not clean, not native HF/KAUH reproduction, not paper primary result"
posthoc_external,JH3_3_HF_external,1,d_recording_macro_f1,0.5543105346384035,,result/reproduce/pafa_joint_hierarchy/PAFA_JH3_3_HF_KAUH_external_seed42/run_summary.json,Section/4evaluation.tex,"user-authorized fixed JH3.3 checkpoint external diagnostic; selected epoch21; not clean, not native HF/KAUH reproduction, not paper primary result"
posthoc_external,JH3_3_HF_external,1,d_recording_uar,0.5671089540119584,,result/reproduce/pafa_joint_hierarchy/PAFA_JH3_3_HF_KAUH_external_seed42/run_summary.json,Section/4evaluation.tex,"user-authorized fixed JH3.3 checkpoint external diagnostic; selected epoch21; not clean, not native HF/KAUH reproduction, not paper primary result"
posthoc_external,JH3_3_HF_external,1,wheeze_recording_score,0.755870907139023,,result/reproduce/pafa_joint_hierarchy/PAFA_JH3_3_HF_KAUH_external_seed42/run_summary.json,Section/4evaluation.tex,"user-authorized fixed JH3.3 checkpoint external diagnostic; selected epoch21; not clean, not native HF/KAUH reproduction, not paper primary result"
posthoc_external,JH3_3_HF_external,1,wheeze_recording_macro_f1,0.733314026872408,,result/reproduce/pafa_joint_hierarchy/PAFA_JH3_3_HF_KAUH_external_seed42/run_summary.json,Section/4evaluation.tex,"user-authorized fixed JH3.3 checkpoint external diagnostic; selected epoch21; not clean, not native HF/KAUH reproduction, not paper primary result"
posthoc_external,JH3_3_HF_external,1,wheeze_recording_uar,0.755870907139023,,result/reproduce/pafa_joint_hierarchy/PAFA_JH3_3_HF_KAUH_external_seed42/run_summary.json,Section/4evaluation.tex,"user-authorized fixed JH3.3 checkpoint external diagnostic; selected epoch21; not clean, not native HF/KAUH reproduction, not paper primary result"
posthoc_external,JH3_3_KAUH_external,1,recording_level1_macro_f1,0.6825700615174299,,result/reproduce/pafa_joint_hierarchy/PAFA_JH3_3_HF_KAUH_external_seed42/run_summary.json,Section/4evaluation.tex,"user-authorized fixed JH3.3 checkpoint external diagnostic; selected epoch21; not clean, not native HF/KAUH reproduction, not paper primary result"
posthoc_external,JH3_3_KAUH_external,1,recording_level1_uar,0.6904761904761905,,result/reproduce/pafa_joint_hierarchy/PAFA_JH3_3_HF_KAUH_external_seed42/run_summary.json,Section/4evaluation.tex,"user-authorized fixed JH3.3 checkpoint external diagnostic; selected epoch21; not clean, not native HF/KAUH reproduction, not paper primary result"
posthoc_external,JH3_3_KAUH_external,1,recording_flat4_macro_f1,0.3739684005756624,,result/reproduce/pafa_joint_hierarchy/PAFA_JH3_3_HF_KAUH_external_seed42/run_summary.json,Section/4evaluation.tex,"user-authorized fixed JH3.3 checkpoint external diagnostic; selected epoch21; not clean, not native HF/KAUH reproduction, not paper primary result"
posthoc_external,JH3_3_KAUH_external,1,recording_flat4_uar,0.44940476190476186,,result/reproduce/pafa_joint_hierarchy/PAFA_JH3_3_HF_KAUH_external_seed42/run_summary.json,Section/4evaluation.tex,"user-authorized fixed JH3.3 checkpoint external diagnostic; selected epoch21; not clean, not native HF/KAUH reproduction, not paper primary result"
posthoc_external,JH3_3_KAUH_external,1,patient_level1_macro_f1,0.7153888582460011,,result/reproduce/pafa_joint_hierarchy/PAFA_JH3_3_HF_KAUH_external_seed42/run_summary.json,Section/4evaluation.tex,"user-authorized fixed JH3.3 checkpoint external diagnostic; selected epoch21; not clean, not native HF/KAUH reproduction, not paper primary result"
posthoc_external,JH3_3_KAUH_external,1,patient_level1_uar,0.7198879551820728,,result/reproduce/pafa_joint_hierarchy/PAFA_JH3_3_HF_KAUH_external_seed42/run_summary.json,Section/4evaluation.tex,"user-authorized fixed JH3.3 checkpoint external diagnostic; selected epoch21; not clean, not native HF/KAUH reproduction, not paper primary result"
posthoc_external,JH3_3_KAUH_external,1,patient_flat4_macro_f1,0.3729080210659586,,result/reproduce/pafa_joint_hierarchy/PAFA_JH3_3_HF_KAUH_external_seed42/run_summary.json,Section/4evaluation.tex,"user-authorized fixed JH3.3 checkpoint external diagnostic; selected epoch21; not clean, not native HF/KAUH reproduction, not paper primary result"
posthoc_external,JH3_3_KAUH_external,1,patient_flat4_uar,0.4956445993031359,,result/reproduce/pafa_joint_hierarchy/PAFA_JH3_3_HF_KAUH_external_seed42/run_summary.json,Section/4evaluation.tex,"user-authorized fixed JH3.3 checkpoint external diagnostic; selected epoch21; not clean, not native HF/KAUH reproduction, not paper primary result"
historical_single_seed_pair,historical_HF_off,42,crackle_auroc,0.9516197557089751,,result/reproduce/pafa_joint_hierarchy/PAFA_JH4_JH2_HFaux_seed42_attempt2/historical_jh2_spr_cw_posthoc/metrics.json,Section/4evaluation.tex,exact historical single-seed JH2 HF-off/JH4 HF-on pair; no current fresh42 substitution; diagnostic only
historical_single_seed_pair,historical_HF_off,42,crackle_auprc,0.5847171409560206,,result/reproduce/pafa_joint_hierarchy/PAFA_JH4_JH2_HFaux_seed42_attempt2/historical_jh2_spr_cw_posthoc/metrics.json,Section/4evaluation.tex,exact historical single-seed JH2 HF-off/JH4 HF-on pair; no current fresh42 substitution; diagnostic only
historical_single_seed_pair,historical_HF_off,42,cw_macro_auroc,0.9680633538961361,,result/reproduce/pafa_joint_hierarchy/PAFA_JH4_JH2_HFaux_seed42_attempt2/historical_jh2_spr_cw_posthoc/metrics.json,Section/4evaluation.tex,exact historical single-seed JH2 HF-off/JH4 HF-on pair; no current fresh42 substitution; diagnostic only
historical_single_seed_pair,historical_HF_off,42,cw_macro_auprc,0.762431778571505,,result/reproduce/pafa_joint_hierarchy/PAFA_JH4_JH2_HFaux_seed42_attempt2/historical_jh2_spr_cw_posthoc/metrics.json,Section/4evaluation.tex,exact historical single-seed JH2 HF-off/JH4 HF-on pair; no current fresh42 substitution; diagnostic only
historical_single_seed_pair,historical_HF_on,42,crackle_auroc,0.9505133651973801,,result/reproduce/pafa_joint_hierarchy/PAFA_JH4_JH2_HFaux_seed42_attempt2/terminal/selected_sprsound_predictions_scored.npz,Section/4evaluation.tex,exact historical single-seed JH2 HF-off/JH4 HF-on pair; no current fresh42 substitution; diagnostic only
historical_single_seed_pair,historical_HF_on,42,crackle_auprc,0.5421055184276099,,result/reproduce/pafa_joint_hierarchy/PAFA_JH4_JH2_HFaux_seed42_attempt2/terminal/selected_sprsound_predictions_scored.npz,Section/4evaluation.tex,exact historical single-seed JH2 HF-off/JH4 HF-on pair; no current fresh42 substitution; diagnostic only
historical_single_seed_pair,historical_HF_on,42,cw_macro_auroc,0.9695049904109809,,result/reproduce/pafa_joint_hierarchy/PAFA_JH4_JH2_HFaux_seed42_attempt2/terminal/selected_sprsound_predictions_scored.npz,Section/4evaluation.tex,exact historical single-seed JH2 HF-off/JH4 HF-on pair; no current fresh42 substitution; diagnostic only
historical_single_seed_pair,historical_HF_on,42,cw_macro_auprc,0.7512222353678639,,result/reproduce/pafa_joint_hierarchy/PAFA_JH4_JH2_HFaux_seed42_attempt2/terminal/selected_sprsound_predictions_scored.npz,Section/4evaluation.tex,exact historical single-seed JH2 HF-off/JH4 HF-on pair; no current fresh42 substitution; diagnostic only
historical_single_seed_pair,historical_HF_on_minus_off,42,crackle_auroc,-0.0011063905115950012,,result/reproduce/pafa_joint_hierarchy/PAFA_JH4_JH2_HFaux_seed42_attempt2/historical_jh2_spr_cw_posthoc/metrics.json; result/reproduce/pafa_joint_hierarchy/PAFA_JH4_JH2_HFaux_seed42_attempt2/terminal/selected_sprsound_predictions_scored.npz,Section/4evaluation.tex,exact historical single-seed JH2 HF-off/JH4 HF-on pair; no current fresh42 substitution; diagnostic only
historical_single_seed_pair,historical_HF_on_minus_off,42,crackle_auprc,-0.042611622528410664,,result/reproduce/pafa_joint_hierarchy/PAFA_JH4_JH2_HFaux_seed42_attempt2/historical_jh2_spr_cw_posthoc/metrics.json; result/reproduce/pafa_joint_hierarchy/PAFA_JH4_JH2_HFaux_seed42_attempt2/terminal/selected_sprsound_predictions_scored.npz,Section/4evaluation.tex,exact historical single-seed JH2 HF-off/JH4 HF-on pair; no current fresh42 substitution; diagnostic only
historical_single_seed_pair,historical_HF_on_minus_off,42,wheeze_auroc,0.003989663541284716,,result/reproduce/pafa_joint_hierarchy/PAFA_JH4_JH2_HFaux_seed42_attempt2/historical_jh2_spr_cw_posthoc/metrics.json; result/reproduce/pafa_joint_hierarchy/PAFA_JH4_JH2_HFaux_seed42_attempt2/terminal/selected_sprsound_predictions_scored.npz,Section/4evaluation.tex,exact historical single-seed JH2 HF-off/JH4 HF-on pair; no current fresh42 substitution; diagnostic only
historical_single_seed_pair,historical_HF_on_minus_off,42,wheeze_auprc,0.020192536121128368,,result/reproduce/pafa_joint_hierarchy/PAFA_JH4_JH2_HFaux_seed42_attempt2/historical_jh2_spr_cw_posthoc/metrics.json; result/reproduce/pafa_joint_hierarchy/PAFA_JH4_JH2_HFaux_seed42_attempt2/terminal/selected_sprsound_predictions_scored.npz,Section/4evaluation.tex,exact historical single-seed JH2 HF-off/JH4 HF-on pair; no current fresh42 substitution; diagnostic only
historical_single_seed_pair,historical_HF_on_minus_off,42,cw_macro_auroc,0.0014416365148448573,,result/reproduce/pafa_joint_hierarchy/PAFA_JH4_JH2_HFaux_seed42_attempt2/historical_jh2_spr_cw_posthoc/metrics.json; result/reproduce/pafa_joint_hierarchy/PAFA_JH4_JH2_HFaux_seed42_attempt2/terminal/selected_sprsound_predictions_scored.npz,Section/4evaluation.tex,exact historical single-seed JH2 HF-off/JH4 HF-on pair; no current fresh42 substitution; diagnostic only
historical_single_seed_pair,historical_HF_on_minus_off,42,cw_macro_auprc,-0.011209543203641092,,result/reproduce/pafa_joint_hierarchy/PAFA_JH4_JH2_HFaux_seed42_attempt2/historical_jh2_spr_cw_posthoc/metrics.json; result/reproduce/pafa_joint_hierarchy/PAFA_JH4_JH2_HFaux_seed42_attempt2/terminal/selected_sprsound_predictions_scored.npz,Section/4evaluation.tex,exact historical single-seed JH2 HF-off/JH4 HF-on pair; no current fresh42 substitution; diagnostic only
benchmark_control_seed42,Full_reference_seed42,42,selected_epoch,17,,result/reproduce/pafa_joint_hierarchy/PAFA_JH2_main_multiseed/seed_42/run_summary.json,Section/4evaluation.tex,seed42 official-test-selected benchmark control; Full is existing fresh42 reference only; not clean or causal evidence
benchmark_control_seed42,Full_reference_seed42,42,completed_epochs,27,,result/reproduce/pafa_joint_hierarchy/PAFA_JH2_main_multiseed/seed_42/run_summary.json,Section/4evaluation.tex,seed42 official-test-selected benchmark control; Full is existing fresh42 reference only; not clean or causal evidence
benchmark_control_seed42,Full_reference_seed42,42,elapsed_minutes,274.0128489687505,,result/reproduce/pafa_joint_hierarchy/PAFA_JH2_main_multiseed/seed_42/run_summary.json,Section/4evaluation.tex,seed42 official-test-selected benchmark control; Full is existing fresh42 reference only; not clean or causal evidence
benchmark_control_seed42,Full_reference_seed42,42,updates,8802,,result/reproduce/pafa_joint_hierarchy/PAFA_JH2_main_multiseed/seed_42/run_summary.json,Section/4evaluation.tex,seed42 official-test-selected benchmark control; Full is existing fresh42 reference only; not clean or causal evidence
benchmark_control_seed42,Full_reference_seed42,42,ICBHI_Score,0.6116921704422371,,result/reproduce/pafa_joint_hierarchy/PAFA_JH2_main_multiseed/seed_42/run_summary.json,Section/4evaluation.tex,seed42 official-test-selected benchmark control; Full is existing fresh42 reference only; not clean or causal evidence
benchmark_control_seed42,Full_reference_seed42,42,SPRSound_official_Score,0.9036737183947863,,result/reproduce/pafa_joint_hierarchy/PAFA_JH2_main_multiseed/seed_42/run_summary.json,Section/4evaluation.tex,seed42 official-test-selected benchmark control; Full is existing fresh42 reference only; not clean or causal evidence
benchmark_control_seed42,Full_reference_seed42,42,SPRSound_CW_mean_AUROC,0.9717189550767149,,result/reproduce/pafa_joint_hierarchy/PAFA_JH2_main_multiseed/seed_42/terminal/native_metrics.json,Section/4evaluation.tex,seed42 official-test-selected benchmark control; Full is existing fresh42 reference only; not clean or causal evidence
benchmark_control_seed42,Full_reference_seed42,42,ICBHI_Sp,0.8036732108929703,,result/reproduce/pafa_joint_hierarchy/PAFA_JH2_main_multiseed/seed_42/terminal/native_metrics.json,Section/4evaluation.tex,seed42 official-test-selected benchmark control; Full is existing fresh42 reference only; not clean or causal evidence
benchmark_control_seed42,Full_reference_seed42,42,ICBHI_Se,0.41971112999150384,,result/reproduce/pafa_joint_hierarchy/PAFA_JH2_main_multiseed/seed_42/terminal/native_metrics.json,Section/4evaluation.tex,seed42 official-test-selected benchmark control; Full is existing fresh42 reference only; not clean or causal evidence
benchmark_control_seed42,Full_reference_seed42,42,ICBHI_Macro-F1,0.4850902518857916,,result/reproduce/pafa_joint_hierarchy/PAFA_JH2_main_multiseed/seed_42/terminal/native_metrics.json,Section/4evaluation.tex,seed42 official-test-selected benchmark control; Full is existing fresh42 reference only; not clean or causal evidence
benchmark_control_seed42,Full_reference_seed42,42,ICBHI_UAR,0.47114299328691617,,result/reproduce/pafa_joint_hierarchy/PAFA_JH2_main_multiseed/seed_42/terminal/native_metrics.json,Section/4evaluation.tex,seed42 official-test-selected benchmark control; Full is existing fresh42 reference only; not clean or causal evidence
benchmark_control_seed42,Full_reference_seed42,42,ICBHI_both_recall,0.24475524475524477,,result/reproduce/pafa_joint_hierarchy/PAFA_JH2_main_multiseed/seed_42/terminal/native_metrics.json,Section/4evaluation.tex,seed42 official-test-selected benchmark control; Full is existing fresh42 reference only; not clean or causal evidence
benchmark_control_seed42,Full_reference_seed42,42,ICBHI_both_f1,0.2681992337164751,,result/reproduce/pafa_joint_hierarchy/PAFA_JH2_main_multiseed/seed_42/terminal/native_metrics.json,Section/4evaluation.tex,seed42 official-test-selected benchmark control; Full is existing fresh42 reference only; not clean or causal evidence
benchmark_control_seed42,Full_reference_seed42,42,ICBHI_crackle_recall,0.5192604006163328,,result/reproduce/pafa_joint_hierarchy/PAFA_JH2_main_multiseed/seed_42/terminal/native_metrics.json,Section/4evaluation.tex,seed42 official-test-selected benchmark control; Full is existing fresh42 reference only; not clean or causal evidence
benchmark_control_seed42,Full_reference_seed42,42,ICBHI_crackle_f1,0.506006006006006,,result/reproduce/pafa_joint_hierarchy/PAFA_JH2_main_multiseed/seed_42/terminal/native_metrics.json,Section/4evaluation.tex,seed42 official-test-selected benchmark control; Full is existing fresh42 reference only; not clean or causal evidence
benchmark_control_seed42,Full_reference_seed42,42,ICBHI_normal_recall,0.8036732108929703,,result/reproduce/pafa_joint_hierarchy/PAFA_JH2_main_multiseed/seed_42/terminal/native_metrics.json,Section/4evaluation.tex,seed42 official-test-selected benchmark control; Full is existing fresh42 reference only; not clean or causal evidence
benchmark_control_seed42,Full_reference_seed42,42,ICBHI_normal_f1,0.767462957363169,,result/reproduce/pafa_joint_hierarchy/PAFA_JH2_main_multiseed/seed_42/terminal/native_metrics.json,Section/4evaluation.tex,seed42 official-test-selected benchmark control; Full is existing fresh42 reference only; not clean or causal evidence
benchmark_control_seed42,Full_reference_seed42,42,ICBHI_wheeze_recall,0.3168831168831169,,result/reproduce/pafa_joint_hierarchy/PAFA_JH2_main_multiseed/seed_42/terminal/native_metrics.json,Section/4evaluation.tex,seed42 official-test-selected benchmark control; Full is existing fresh42 reference only; not clean or causal evidence
benchmark_control_seed42,Full_reference_seed42,42,ICBHI_wheeze_f1,0.39869281045751637,,result/reproduce/pafa_joint_hierarchy/PAFA_JH2_main_multiseed/seed_42/terminal/native_metrics.json,Section/4evaluation.tex,seed42 official-test-selected benchmark control; Full is existing fresh42 reference only; not clean or causal evidence
benchmark_control_seed42,Full_reference_seed42,42,SPRSound_Sp,0.8403846153846154,,result/reproduce/pafa_joint_hierarchy/PAFA_JH2_main_multiseed/seed_42/terminal/native_metrics.json,Section/4evaluation.tex,seed42 official-test-selected benchmark control; Full is existing fresh42 reference only; not clean or causal evidence
benchmark_control_seed42,Full_reference_seed42,42,SPRSound_Se,0.9717223650385605,,result/reproduce/pafa_joint_hierarchy/PAFA_JH2_main_multiseed/seed_42/terminal/native_metrics.json,Section/4evaluation.tex,seed42 official-test-selected benchmark control; Full is existing fresh42 reference only; not clean or causal evidence
benchmark_control_seed42,Full_reference_seed42,42,SPRSound_Macro-F1,0.859170668559736,,result/reproduce/pafa_joint_hierarchy/PAFA_JH2_main_multiseed/seed_42/terminal/native_metrics.json,Section/4evaluation.tex,seed42 official-test-selected benchmark control; Full is existing fresh42 reference only; not clean or causal evidence
benchmark_control_seed42,Full_reference_seed42,42,SPRSound_UAR,0.906053490211588,,result/reproduce/pafa_joint_hierarchy/PAFA_JH2_main_multiseed/seed_42/terminal/native_metrics.json,Section/4evaluation.tex,seed42 official-test-selected benchmark control; Full is existing fresh42 reference only; not clean or causal evidence
benchmark_control_seed42,Full_reference_seed42,42,SPRSound_abnormal_recall,0.9717223650385605,,result/reproduce/pafa_joint_hierarchy/PAFA_JH2_main_multiseed/seed_42/terminal/native_metrics.json,Section/4evaluation.tex,seed42 official-test-selected benchmark control; Full is existing fresh42 reference only; not clean or causal evidence
benchmark_control_seed42,Full_reference_seed42,42,SPRSound_abnormal_f1,0.8102893890675241,,result/reproduce/pafa_joint_hierarchy/PAFA_JH2_main_multiseed/seed_42/terminal/native_metrics.json,Section/4evaluation.tex,seed42 official-test-selected benchmark control; Full is existing fresh42 reference only; not clean or causal evidence
benchmark_control_seed42,Full_reference_seed42,42,SPRSound_normal_recall,0.8403846153846154,,result/reproduce/pafa_joint_hierarchy/PAFA_JH2_main_multiseed/seed_42/terminal/native_metrics.json,Section/4evaluation.tex,seed42 official-test-selected benchmark control; Full is existing fresh42 reference only; not clean or causal evidence
benchmark_control_seed42,Full_reference_seed42,42,SPRSound_normal_f1,0.908051948051948,,result/reproduce/pafa_joint_hierarchy/PAFA_JH2_main_multiseed/seed_42/terminal/native_metrics.json,Section/4evaluation.tex,seed42 official-test-selected benchmark control; Full is existing fresh42 reference only; not clean or causal evidence
benchmark_control_seed42,Full_reference_seed42,42,SPR_crackle_AUROC,0.9570277925296513,,result/reproduce/pafa_joint_hierarchy/PAFA_JH2_main_multiseed/seed_42/terminal/native_metrics.json,Section/4evaluation.tex,seed42 official-test-selected benchmark control; Full is existing fresh42 reference only; not clean or causal evidence
benchmark_control_seed42,Full_reference_seed42,42,SPR_crackle_AUPRC,0.5630817472381565,,result/reproduce/pafa_joint_hierarchy/PAFA_JH2_main_multiseed/seed_42/terminal/native_metrics.json,Section/4evaluation.tex,seed42 official-test-selected benchmark control; Full is existing fresh42 reference only; not clean or causal evidence
benchmark_control_seed42,Full_reference_seed42,42,SPR_crackle_eligible,1429,,result/reproduce/pafa_joint_hierarchy/PAFA_JH2_main_multiseed/seed_42/terminal/native_metrics.json,Section/4evaluation.tex,seed42 official-test-selected benchmark control; Full is existing fresh42 reference only; not clean or causal evidence
benchmark_control_seed42,Full_reference_seed42,42,SPR_crackle_positive,84,,result/reproduce/pafa_joint_hierarchy/PAFA_JH2_main_multiseed/seed_42/terminal/native_metrics.json,Section/4evaluation.tex,seed42 official-test-selected benchmark control; Full is existing fresh42 reference only; not clean or causal evidence
benchmark_control_seed42,Full_reference_seed42,42,SPR_crackle_negative,1345,,result/reproduce/pafa_joint_hierarchy/PAFA_JH2_main_multiseed/seed_42/terminal/native_metrics.json,Section/4evaluation.tex,seed42 official-test-selected benchmark control; Full is existing fresh42 reference only; not clean or causal evidence
benchmark_control_seed42,Full_reference_seed42,42,SPR_wheeze_AUROC,0.9864101176237786,,result/reproduce/pafa_joint_hierarchy/PAFA_JH2_main_multiseed/seed_42/terminal/native_metrics.json,Section/4evaluation.tex,seed42 official-test-selected benchmark control; Full is existing fresh42 reference only; not clean or causal evidence
benchmark_control_seed42,Full_reference_seed42,42,SPR_wheeze_AUPRC,0.9406813861785353,,result/reproduce/pafa_joint_hierarchy/PAFA_JH2_main_multiseed/seed_42/terminal/native_metrics.json,Section/4evaluation.tex,seed42 official-test-selected benchmark control; Full is existing fresh42 reference only; not clean or causal evidence
benchmark_control_seed42,Full_reference_seed42,42,SPR_wheeze_eligible,1429,,result/reproduce/pafa_joint_hierarchy/PAFA_JH2_main_multiseed/seed_42/terminal/native_metrics.json,Section/4evaluation.tex,seed42 official-test-selected benchmark control; Full is existing fresh42 reference only; not clean or causal evidence
benchmark_control_seed42,Full_reference_seed42,42,SPR_wheeze_positive,306,,result/reproduce/pafa_joint_hierarchy/PAFA_JH2_main_multiseed/seed_42/terminal/native_metrics.json,Section/4evaluation.tex,seed42 official-test-selected benchmark control; Full is existing fresh42 reference only; not clean or causal evidence
benchmark_control_seed42,Full_reference_seed42,42,SPR_wheeze_negative,1123,,result/reproduce/pafa_joint_hierarchy/PAFA_JH2_main_multiseed/seed_42/terminal/native_metrics.json,Section/4evaluation.tex,seed42 official-test-selected benchmark control; Full is existing fresh42 reference only; not clean or causal evidence
benchmark_control_seed42,ICBHI_only,42,selected_epoch,18,,result/reproduce/pafa_joint_hierarchy/PAFA_BENCHMARK_4COND_seed42/icbhi_only/seed_42/run_summary.json,Section/4evaluation.tex,seed42 official-test-selected benchmark control; Full is existing fresh42 reference only; not clean or causal evidence
benchmark_control_seed42,ICBHI_only,42,completed_epochs,28,,result/reproduce/pafa_joint_hierarchy/PAFA_BENCHMARK_4COND_seed42/icbhi_only/seed_42/run_summary.json,Section/4evaluation.tex,seed42 official-test-selected benchmark control; Full is existing fresh42 reference only; not clean or causal evidence
benchmark_control_seed42,ICBHI_only,42,elapsed_minutes,256.86890056804987,,result/reproduce/pafa_joint_hierarchy/PAFA_BENCHMARK_4COND_seed42/icbhi_only/seed_42/run_summary.json,Section/4evaluation.tex,seed42 official-test-selected benchmark control; Full is existing fresh42 reference only; not clean or causal evidence
benchmark_control_seed42,ICBHI_only,42,updates,9128,,result/reproduce/pafa_joint_hierarchy/PAFA_BENCHMARK_4COND_seed42/icbhi_only/seed_42/run_summary.json,Section/4evaluation.tex,seed42 official-test-selected benchmark control; Full is existing fresh42 reference only; not clean or causal evidence
benchmark_control_seed42,ICBHI_only,42,ICBHI_Score,0.5616537789153843,,result/reproduce/pafa_joint_hierarchy/PAFA_BENCHMARK_4COND_seed42/icbhi_only/seed_42/run_summary.json,Section/4evaluation.tex,seed42 official-test-selected benchmark control; Full is existing fresh42 reference only; not clean or causal evidence
benchmark_control_seed42,ICBHI_only,42,SPRSound_official_Score,0.5686373921846284,,result/reproduce/pafa_joint_hierarchy/PAFA_BENCHMARK_4COND_seed42/icbhi_only/seed_42/run_summary.json,Section/4evaluation.tex,seed42 official-test-selected benchmark control; Full is existing fresh42 reference only; not clean or causal evidence
benchmark_control_seed42,ICBHI_only,42,SPRSound_CW_mean_AUROC,0.812306159370114,,result/reproduce/pafa_joint_hierarchy/PAFA_BENCHMARK_4COND_seed42/icbhi_only/seed_42/terminal/native_metrics.json,Section/4evaluation.tex,seed42 official-test-selected benchmark control; Full is existing fresh42 reference only; not clean or causal evidence
benchmark_control_seed42,ICBHI_only,42,ICBHI_Sp,0.6713109563014567,,result/reproduce/pafa_joint_hierarchy/PAFA_BENCHMARK_4COND_seed42/icbhi_only/seed_42/terminal/native_metrics.json,Section/4evaluation.tex,seed42 official-test-selected benchmark control; Full is existing fresh42 reference only; not clean or causal evidence
benchmark_control_seed42,ICBHI_only,42,ICBHI_Se,0.4519966015293118,,result/reproduce/pafa_joint_hierarchy/PAFA_BENCHMARK_4COND_seed42/icbhi_only/seed_42/terminal/native_metrics.json,Section/4evaluation.tex,seed42 official-test-selected benchmark control; Full is existing fresh42 reference only; not clean or causal evidence
benchmark_control_seed42,ICBHI_only,42,ICBHI_Macro-F1,0.44992628705502324,,result/reproduce/pafa_joint_hierarchy/PAFA_BENCHMARK_4COND_seed42/icbhi_only/seed_42/terminal/native_metrics.json,Section/4evaluation.tex,seed42 official-test-selected benchmark control; Full is existing fresh42 reference only; not clean or causal evidence
benchmark_control_seed42,ICBHI_only,42,ICBHI_UAR,0.48529840400365626,,result/reproduce/pafa_joint_hierarchy/PAFA_BENCHMARK_4COND_seed42/icbhi_only/seed_42/terminal/native_metrics.json,Section/4evaluation.tex,seed42 official-test-selected benchmark control; Full is existing fresh42 reference only; not clean or causal evidence
benchmark_control_seed42,ICBHI_only,42,ICBHI_both_recall,0.4825174825174825,,result/reproduce/pafa_joint_hierarchy/PAFA_BENCHMARK_4COND_seed42/icbhi_only/seed_42/terminal/native_metrics.json,Section/4evaluation.tex,seed42 official-test-selected benchmark control; Full is existing fresh42 reference only; not clean or causal evidence
benchmark_control_seed42,ICBHI_only,42,ICBHI_both_f1,0.32242990654205606,,result/reproduce/pafa_joint_hierarchy/PAFA_BENCHMARK_4COND_seed42/icbhi_only/seed_42/terminal/native_metrics.json,Section/4evaluation.tex,seed42 official-test-selected benchmark control; Full is existing fresh42 reference only; not clean or causal evidence
benchmark_control_seed42,ICBHI_only,42,ICBHI_crackle_recall,0.6055469953775039,,result/reproduce/pafa_joint_hierarchy/PAFA_BENCHMARK_4COND_seed42/icbhi_only/seed_42/terminal/native_metrics.json,Section/4evaluation.tex,seed42 official-test-selected benchmark control; Full is existing fresh42 reference only; not clean or causal evidence
benchmark_control_seed42,ICBHI_only,42,ICBHI_crackle_f1,0.51171875,,result/reproduce/pafa_joint_hierarchy/PAFA_BENCHMARK_4COND_seed42/icbhi_only/seed_42/terminal/native_metrics.json,Section/4evaluation.tex,seed42 official-test-selected benchmark control; Full is existing fresh42 reference only; not clean or causal evidence
benchmark_control_seed42,ICBHI_only,42,ICBHI_normal_recall,0.6713109563014567,,result/reproduce/pafa_joint_hierarchy/PAFA_BENCHMARK_4COND_seed42/icbhi_only/seed_42/terminal/native_metrics.json,Section/4evaluation.tex,seed42 official-test-selected benchmark control; Full is existing fresh42 reference only; not clean or causal evidence
benchmark_control_seed42,ICBHI_only,42,ICBHI_normal_f1,0.7033842070338421,,result/reproduce/pafa_joint_hierarchy/PAFA_BENCHMARK_4COND_seed42/icbhi_only/seed_42/terminal/native_metrics.json,Section/4evaluation.tex,seed42 official-test-selected benchmark control; Full is existing fresh42 reference only; not clean or causal evidence
benchmark_control_seed42,ICBHI_only,42,ICBHI_wheeze_recall,0.18181818181818182,,result/reproduce/pafa_joint_hierarchy/PAFA_BENCHMARK_4COND_seed42/icbhi_only/seed_42/terminal/native_metrics.json,Section/4evaluation.tex,seed42 official-test-selected benchmark control; Full is existing fresh42 reference only; not clean or causal evidence
benchmark_control_seed42,ICBHI_only,42,ICBHI_wheeze_f1,0.26217228464419473,,result/reproduce/pafa_joint_hierarchy/PAFA_BENCHMARK_4COND_seed42/icbhi_only/seed_42/terminal/native_metrics.json,Section/4evaluation.tex,seed42 official-test-selected benchmark control; Full is existing fresh42 reference only; not clean or causal evidence
benchmark_control_seed42,ICBHI_only,42,SPRSound_Sp,0.6384615384615384,,result/reproduce/pafa_joint_hierarchy/PAFA_BENCHMARK_4COND_seed42/icbhi_only/seed_42/terminal/native_metrics.json,Section/4evaluation.tex,seed42 official-test-selected benchmark control; Full is existing fresh42 reference only; not clean or causal evidence
benchmark_control_seed42,ICBHI_only,42,SPRSound_Se,0.506426735218509,,result/reproduce/pafa_joint_hierarchy/PAFA_BENCHMARK_4COND_seed42/icbhi_only/seed_42/terminal/native_metrics.json,Section/4evaluation.tex,seed42 official-test-selected benchmark control; Full is existing fresh42 reference only; not clean or causal evidence
benchmark_control_seed42,ICBHI_only,42,SPRSound_Macro-F1,0.5549926752458398,,result/reproduce/pafa_joint_hierarchy/PAFA_BENCHMARK_4COND_seed42/icbhi_only/seed_42/terminal/native_metrics.json,Section/4evaluation.tex,seed42 official-test-selected benchmark control; Full is existing fresh42 reference only; not clean or causal evidence
benchmark_control_seed42,ICBHI_only,42,SPRSound_UAR,0.5724441368400237,,result/reproduce/pafa_joint_hierarchy/PAFA_BENCHMARK_4COND_seed42/icbhi_only/seed_42/terminal/native_metrics.json,Section/4evaluation.tex,seed42 official-test-selected benchmark control; Full is existing fresh42 reference only; not clean or causal evidence
benchmark_control_seed42,ICBHI_only,42,SPRSound_abnormal_recall,0.506426735218509,,result/reproduce/pafa_joint_hierarchy/PAFA_BENCHMARK_4COND_seed42/icbhi_only/seed_42/terminal/native_metrics.json,Section/4evaluation.tex,seed42 official-test-selected benchmark control; Full is existing fresh42 reference only; not clean or causal evidence
benchmark_control_seed42,ICBHI_only,42,SPRSound_abnormal_f1,0.4095634095634096,,result/reproduce/pafa_joint_hierarchy/PAFA_BENCHMARK_4COND_seed42/icbhi_only/seed_42/terminal/native_metrics.json,Section/4evaluation.tex,seed42 official-test-selected benchmark control; Full is existing fresh42 reference only; not clean or causal evidence
benchmark_control_seed42,ICBHI_only,42,SPRSound_normal_recall,0.6384615384615384,,result/reproduce/pafa_joint_hierarchy/PAFA_BENCHMARK_4COND_seed42/icbhi_only/seed_42/terminal/native_metrics.json,Section/4evaluation.tex,seed42 official-test-selected benchmark control; Full is existing fresh42 reference only; not clean or causal evidence
benchmark_control_seed42,ICBHI_only,42,SPRSound_normal_f1,0.70042194092827,,result/reproduce/pafa_joint_hierarchy/PAFA_BENCHMARK_4COND_seed42/icbhi_only/seed_42/terminal/native_metrics.json,Section/4evaluation.tex,seed42 official-test-selected benchmark control; Full is existing fresh42 reference only; not clean or causal evidence
benchmark_control_seed42,ICBHI_only,42,SPR_crackle_AUROC,0.8040715170826696,,result/reproduce/pafa_joint_hierarchy/PAFA_BENCHMARK_4COND_seed42/icbhi_only/seed_42/terminal/native_metrics.json,Section/4evaluation.tex,seed42 official-test-selected benchmark control; Full is existing fresh42 reference only; not clean or causal evidence
benchmark_control_seed42,ICBHI_only,42,SPR_crackle_AUPRC,0.1974647444143883,,result/reproduce/pafa_joint_hierarchy/PAFA_BENCHMARK_4COND_seed42/icbhi_only/seed_42/terminal/native_metrics.json,Section/4evaluation.tex,seed42 official-test-selected benchmark control; Full is existing fresh42 reference only; not clean or causal evidence
benchmark_control_seed42,ICBHI_only,42,SPR_crackle_eligible,1429,,result/reproduce/pafa_joint_hierarchy/PAFA_BENCHMARK_4COND_seed42/icbhi_only/seed_42/terminal/native_metrics.json,Section/4evaluation.tex,seed42 official-test-selected benchmark control; Full is existing fresh42 reference only; not clean or causal evidence
benchmark_control_seed42,ICBHI_only,42,SPR_crackle_positive,84,,result/reproduce/pafa_joint_hierarchy/PAFA_BENCHMARK_4COND_seed42/icbhi_only/seed_42/terminal/native_metrics.json,Section/4evaluation.tex,seed42 official-test-selected benchmark control; Full is existing fresh42 reference only; not clean or causal evidence
benchmark_control_seed42,ICBHI_only,42,SPR_crackle_negative,1345,,result/reproduce/pafa_joint_hierarchy/PAFA_BENCHMARK_4COND_seed42/icbhi_only/seed_42/terminal/native_metrics.json,Section/4evaluation.tex,seed42 official-test-selected benchmark control; Full is existing fresh42 reference only; not clean or causal evidence
benchmark_control_seed42,ICBHI_only,42,SPR_wheeze_AUROC,0.8205408016575583,,result/reproduce/pafa_joint_hierarchy/PAFA_BENCHMARK_4COND_seed42/icbhi_only/seed_42/terminal/native_metrics.json,Section/4evaluation.tex,seed42 official-test-selected benchmark control; Full is existing fresh42 reference only; not clean or causal evidence
benchmark_control_seed42,ICBHI_only,42,SPR_wheeze_AUPRC,0.57508556422333,,result/reproduce/pafa_joint_hierarchy/PAFA_BENCHMARK_4COND_seed42/icbhi_only/seed_42/terminal/native_metrics.json,Section/4evaluation.tex,seed42 official-test-selected benchmark control; Full is existing fresh42 reference only; not clean or causal evidence
benchmark_control_seed42,ICBHI_only,42,SPR_wheeze_eligible,1429,,result/reproduce/pafa_joint_hierarchy/PAFA_BENCHMARK_4COND_seed42/icbhi_only/seed_42/terminal/native_metrics.json,Section/4evaluation.tex,seed42 official-test-selected benchmark control; Full is existing fresh42 reference only; not clean or causal evidence
benchmark_control_seed42,ICBHI_only,42,SPR_wheeze_positive,306,,result/reproduce/pafa_joint_hierarchy/PAFA_BENCHMARK_4COND_seed42/icbhi_only/seed_42/terminal/native_metrics.json,Section/4evaluation.tex,seed42 official-test-selected benchmark control; Full is existing fresh42 reference only; not clean or causal evidence
benchmark_control_seed42,ICBHI_only,42,SPR_wheeze_negative,1123,,result/reproduce/pafa_joint_hierarchy/PAFA_BENCHMARK_4COND_seed42/icbhi_only/seed_42/terminal/native_metrics.json,Section/4evaluation.tex,seed42 official-test-selected benchmark control; Full is existing fresh42 reference only; not clean or causal evidence
benchmark_control_seed42,SPRSound_only,42,selected_epoch,24,,result/reproduce/pafa_joint_hierarchy/PAFA_BENCHMARK_4COND_seed42/sprsound_only/seed_42/run_summary.json,Section/4evaluation.tex,seed42 official-test-selected benchmark control; Full is existing fresh42 reference only; not clean or causal evidence
benchmark_control_seed42,SPRSound_only,42,completed_epochs,34,,result/reproduce/pafa_joint_hierarchy/PAFA_BENCHMARK_4COND_seed42/sprsound_only/seed_42/run_summary.json,Section/4evaluation.tex,seed42 official-test-selected benchmark control; Full is existing fresh42 reference only; not clean or causal evidence
benchmark_control_seed42,SPRSound_only,42,elapsed_minutes,281.630642870833,,result/reproduce/pafa_joint_hierarchy/PAFA_BENCHMARK_4COND_seed42/sprsound_only/seed_42/run_summary.json,Section/4evaluation.tex,seed42 official-test-selected benchmark control; Full is existing fresh42 reference only; not clean or causal evidence
benchmark_control_seed42,SPRSound_only,42,updates,11084,,result/reproduce/pafa_joint_hierarchy/PAFA_BENCHMARK_4COND_seed42/sprsound_only/seed_42/run_summary.json,Section/4evaluation.tex,seed42 official-test-selected benchmark control; Full is existing fresh42 reference only; not clean or causal evidence
benchmark_control_seed42,SPRSound_only,42,ICBHI_Score,0.4792900984297408,,result/reproduce/pafa_joint_hierarchy/PAFA_BENCHMARK_4COND_seed42/sprsound_only/seed_42/run_summary.json,Section/4evaluation.tex,seed42 official-test-selected benchmark control; Full is existing fresh42 reference only; not clean or causal evidence
benchmark_control_seed42,SPRSound_only,42,SPRSound_official_Score,0.9232003703000848,,result/reproduce/pafa_joint_hierarchy/PAFA_BENCHMARK_4COND_seed42/sprsound_only/seed_42/run_summary.json,Section/4evaluation.tex,seed42 official-test-selected benchmark control; Full is existing fresh42 reference only; not clean or causal evidence
benchmark_control_seed42,SPRSound_only,42,SPRSound_CW_mean_AUROC,0.9785796755881047,,result/reproduce/pafa_joint_hierarchy/PAFA_BENCHMARK_4COND_seed42/sprsound_only/seed_42/terminal/native_metrics.json,Section/4evaluation.tex,seed42 official-test-selected benchmark control; Full is existing fresh42 reference only; not clean or causal evidence
benchmark_control_seed42,SPRSound_only,42,ICBHI_Sp,0.8277390753641545,,result/reproduce/pafa_joint_hierarchy/PAFA_BENCHMARK_4COND_seed42/sprsound_only/seed_42/terminal/native_metrics.json,Section/4evaluation.tex,seed42 official-test-selected benchmark control; Full is existing fresh42 reference only; not clean or causal evidence
benchmark_control_seed42,SPRSound_only,42,ICBHI_Se,0.1308411214953271,,result/reproduce/pafa_joint_hierarchy/PAFA_BENCHMARK_4COND_seed42/sprsound_only/seed_42/terminal/native_metrics.json,Section/4evaluation.tex,seed42 official-test-selected benchmark control; Full is existing fresh42 reference only; not clean or causal evidence
benchmark_control_seed42,SPRSound_only,42,ICBHI_Macro-F1,0.2792329972973631,,result/reproduce/pafa_joint_hierarchy/PAFA_BENCHMARK_4COND_seed42/sprsound_only/seed_42/terminal/native_metrics.json,Section/4evaluation.tex,seed42 official-test-selected benchmark control; Full is existing fresh42 reference only; not clean or causal evidence
benchmark_control_seed42,SPRSound_only,42,ICBHI_UAR,0.29399177962686296,,result/reproduce/pafa_joint_hierarchy/PAFA_BENCHMARK_4COND_seed42/sprsound_only/seed_42/terminal/native_metrics.json,Section/4evaluation.tex,seed42 official-test-selected benchmark control; Full is existing fresh42 reference only; not clean or causal evidence
benchmark_control_seed42,SPRSound_only,42,ICBHI_both_recall,0.0,,result/reproduce/pafa_joint_hierarchy/PAFA_BENCHMARK_4COND_seed42/sprsound_only/seed_42/terminal/native_metrics.json,Section/4evaluation.tex,seed42 official-test-selected benchmark control; Full is existing fresh42 reference only; not clean or causal evidence
benchmark_control_seed42,SPRSound_only,42,ICBHI_both_f1,0.0,,result/reproduce/pafa_joint_hierarchy/PAFA_BENCHMARK_4COND_seed42/sprsound_only/seed_42/terminal/native_metrics.json,Section/4evaluation.tex,seed42 official-test-selected benchmark control; Full is existing fresh42 reference only; not clean or causal evidence
benchmark_control_seed42,SPRSound_only,42,ICBHI_crackle_recall,0.07550077041602465,,result/reproduce/pafa_joint_hierarchy/PAFA_BENCHMARK_4COND_seed42/sprsound_only/seed_42/terminal/native_metrics.json,Section/4evaluation.tex,seed42 official-test-selected benchmark control; Full is existing fresh42 reference only; not clean or causal evidence
benchmark_control_seed42,SPRSound_only,42,ICBHI_crackle_f1,0.10757409440175632,,result/reproduce/pafa_joint_hierarchy/PAFA_BENCHMARK_4COND_seed42/sprsound_only/seed_42/terminal/native_metrics.json,Section/4evaluation.tex,seed42 official-test-selected benchmark control; Full is existing fresh42 reference only; not clean or causal evidence
benchmark_control_seed42,SPRSound_only,42,ICBHI_normal_recall,0.8277390753641545,,result/reproduce/pafa_joint_hierarchy/PAFA_BENCHMARK_4COND_seed42/sprsound_only/seed_42/terminal/native_metrics.json,Section/4evaluation.tex,seed42 official-test-selected benchmark control; Full is existing fresh42 reference only; not clean or causal evidence
benchmark_control_seed42,SPRSound_only,42,ICBHI_normal_f1,0.6882569773565034,,result/reproduce/pafa_joint_hierarchy/PAFA_BENCHMARK_4COND_seed42/sprsound_only/seed_42/terminal/native_metrics.json,Section/4evaluation.tex,seed42 official-test-selected benchmark control; Full is existing fresh42 reference only; not clean or causal evidence
benchmark_control_seed42,SPRSound_only,42,ICBHI_wheeze_recall,0.2727272727272727,,result/reproduce/pafa_joint_hierarchy/PAFA_BENCHMARK_4COND_seed42/sprsound_only/seed_42/terminal/native_metrics.json,Section/4evaluation.tex,seed42 official-test-selected benchmark control; Full is existing fresh42 reference only; not clean or causal evidence
benchmark_control_seed42,SPRSound_only,42,ICBHI_wheeze_f1,0.3211009174311927,,result/reproduce/pafa_joint_hierarchy/PAFA_BENCHMARK_4COND_seed42/sprsound_only/seed_42/terminal/native_metrics.json,Section/4evaluation.tex,seed42 official-test-selected benchmark control; Full is existing fresh42 reference only; not clean or causal evidence
benchmark_control_seed42,SPRSound_only,42,SPRSound_Sp,0.8701923076923077,,result/reproduce/pafa_joint_hierarchy/PAFA_BENCHMARK_4COND_seed42/sprsound_only/seed_42/terminal/native_metrics.json,Section/4evaluation.tex,seed42 official-test-selected benchmark control; Full is existing fresh42 reference only; not clean or causal evidence
benchmark_control_seed42,SPRSound_only,42,SPRSound_Se,0.9794344473007712,,result/reproduce/pafa_joint_hierarchy/PAFA_BENCHMARK_4COND_seed42/sprsound_only/seed_42/terminal/native_metrics.json,Section/4evaluation.tex,seed42 official-test-selected benchmark control; Full is existing fresh42 reference only; not clean or causal evidence
benchmark_control_seed42,SPRSound_only,42,SPRSound_Macro-F1,0.8843841320761656,,result/reproduce/pafa_joint_hierarchy/PAFA_BENCHMARK_4COND_seed42/sprsound_only/seed_42/terminal/native_metrics.json,Section/4evaluation.tex,seed42 official-test-selected benchmark control; Full is existing fresh42 reference only; not clean or causal evidence
benchmark_control_seed42,SPRSound_only,42,SPRSound_UAR,0.9248133774965395,,result/reproduce/pafa_joint_hierarchy/PAFA_BENCHMARK_4COND_seed42/sprsound_only/seed_42/terminal/native_metrics.json,Section/4evaluation.tex,seed42 official-test-selected benchmark control; Full is existing fresh42 reference only; not clean or causal evidence
benchmark_control_seed42,SPRSound_only,42,SPRSound_abnormal_recall,0.9794344473007712,,result/reproduce/pafa_joint_hierarchy/PAFA_BENCHMARK_4COND_seed42/sprsound_only/seed_42/terminal/native_metrics.json,Section/4evaluation.tex,seed42 official-test-selected benchmark control; Full is existing fresh42 reference only; not clean or causal evidence
benchmark_control_seed42,SPRSound_only,42,SPRSound_abnormal_f1,0.8419889502762431,,result/reproduce/pafa_joint_hierarchy/PAFA_BENCHMARK_4COND_seed42/sprsound_only/seed_42/terminal/native_metrics.json,Section/4evaluation.tex,seed42 official-test-selected benchmark control; Full is existing fresh42 reference only; not clean or causal evidence
benchmark_control_seed42,SPRSound_only,42,SPRSound_normal_recall,0.8701923076923077,,result/reproduce/pafa_joint_hierarchy/PAFA_BENCHMARK_4COND_seed42/sprsound_only/seed_42/terminal/native_metrics.json,Section/4evaluation.tex,seed42 official-test-selected benchmark control; Full is existing fresh42 reference only; not clean or causal evidence
benchmark_control_seed42,SPRSound_only,42,SPRSound_normal_f1,0.926779313876088,,result/reproduce/pafa_joint_hierarchy/PAFA_BENCHMARK_4COND_seed42/sprsound_only/seed_42/terminal/native_metrics.json,Section/4evaluation.tex,seed42 official-test-selected benchmark control; Full is existing fresh42 reference only; not clean or causal evidence
benchmark_control_seed42,SPRSound_only,42,SPR_crackle_AUROC,0.9701628606833068,,result/reproduce/pafa_joint_hierarchy/PAFA_BENCHMARK_4COND_seed42/sprsound_only/seed_42/terminal/native_metrics.json,Section/4evaluation.tex,seed42 official-test-selected benchmark control; Full is existing fresh42 reference only; not clean or causal evidence
benchmark_control_seed42,SPRSound_only,42,SPR_crackle_AUPRC,0.7164080531506976,,result/reproduce/pafa_joint_hierarchy/PAFA_BENCHMARK_4COND_seed42/sprsound_only/seed_42/terminal/native_metrics.json,Section/4evaluation.tex,seed42 official-test-selected benchmark control; Full is existing fresh42 reference only; not clean or causal evidence
benchmark_control_seed42,SPRSound_only,42,SPR_crackle_eligible,1429,,result/reproduce/pafa_joint_hierarchy/PAFA_BENCHMARK_4COND_seed42/sprsound_only/seed_42/terminal/native_metrics.json,Section/4evaluation.tex,seed42 official-test-selected benchmark control; Full is existing fresh42 reference only; not clean or causal evidence
benchmark_control_seed42,SPRSound_only,42,SPR_crackle_positive,84,,result/reproduce/pafa_joint_hierarchy/PAFA_BENCHMARK_4COND_seed42/sprsound_only/seed_42/terminal/native_metrics.json,Section/4evaluation.tex,seed42 official-test-selected benchmark control; Full is existing fresh42 reference only; not clean or causal evidence
benchmark_control_seed42,SPRSound_only,42,SPR_crackle_negative,1345,,result/reproduce/pafa_joint_hierarchy/PAFA_BENCHMARK_4COND_seed42/sprsound_only/seed_42/terminal/native_metrics.json,Section/4evaluation.tex,seed42 official-test-selected benchmark control; Full is existing fresh42 reference only; not clean or causal evidence
benchmark_control_seed42,SPRSound_only,42,SPR_wheeze_AUROC,0.9869964904929024,,result/reproduce/pafa_joint_hierarchy/PAFA_BENCHMARK_4COND_seed42/sprsound_only/seed_42/terminal/native_metrics.json,Section/4evaluation.tex,seed42 official-test-selected benchmark control; Full is existing fresh42 reference only; not clean or causal evidence
benchmark_control_seed42,SPRSound_only,42,SPR_wheeze_AUPRC,0.9587097700862884,,result/reproduce/pafa_joint_hierarchy/PAFA_BENCHMARK_4COND_seed42/sprsound_only/seed_42/terminal/native_metrics.json,Section/4evaluation.tex,seed42 official-test-selected benchmark control; Full is existing fresh42 reference only; not clean or causal evidence
benchmark_control_seed42,SPRSound_only,42,SPR_wheeze_eligible,1429,,result/reproduce/pafa_joint_hierarchy/PAFA_BENCHMARK_4COND_seed42/sprsound_only/seed_42/terminal/native_metrics.json,Section/4evaluation.tex,seed42 official-test-selected benchmark control; Full is existing fresh42 reference only; not clean or causal evidence
benchmark_control_seed42,SPRSound_only,42,SPR_wheeze_positive,306,,result/reproduce/pafa_joint_hierarchy/PAFA_BENCHMARK_4COND_seed42/sprsound_only/seed_42/terminal/native_metrics.json,Section/4evaluation.tex,seed42 official-test-selected benchmark control; Full is existing fresh42 reference only; not clean or causal evidence
benchmark_control_seed42,SPRSound_only,42,SPR_wheeze_negative,1123,,result/reproduce/pafa_joint_hierarchy/PAFA_BENCHMARK_4COND_seed42/sprsound_only/seed_42/terminal/native_metrics.json,Section/4evaluation.tex,seed42 official-test-selected benchmark control; Full is existing fresh42 reference only; not clean or causal evidence
benchmark_control_seed42,Coarse_SPR,42,selected_epoch,20,,result/reproduce/pafa_joint_hierarchy/PAFA_BENCHMARK_4COND_seed42/coarse_spr/seed_42_attempt2/run_summary.json,Section/4evaluation.tex,seed42 official-test-selected benchmark control; Full is existing fresh42 reference only; not clean or causal evidence
benchmark_control_seed42,Coarse_SPR,42,completed_epochs,30,,result/reproduce/pafa_joint_hierarchy/PAFA_BENCHMARK_4COND_seed42/coarse_spr/seed_42_attempt2/run_summary.json,Section/4evaluation.tex,seed42 official-test-selected benchmark control; Full is existing fresh42 reference only; not clean or causal evidence
benchmark_control_seed42,Coarse_SPR,42,elapsed_minutes,294.8762045451333,,result/reproduce/pafa_joint_hierarchy/PAFA_BENCHMARK_4COND_seed42/coarse_spr/seed_42_attempt2/run_summary.json,Section/4evaluation.tex,seed42 official-test-selected benchmark control; Full is existing fresh42 reference only; not clean or causal evidence
benchmark_control_seed42,Coarse_SPR,42,updates,9780,,result/reproduce/pafa_joint_hierarchy/PAFA_BENCHMARK_4COND_seed42/coarse_spr/seed_42_attempt2/run_summary.json,Section/4evaluation.tex,seed42 official-test-selected benchmark control; Full is existing fresh42 reference only; not clean or causal evidence
benchmark_control_seed42,Coarse_SPR,42,ICBHI_Score,0.567058186703887,,result/reproduce/pafa_joint_hierarchy/PAFA_BENCHMARK_4COND_seed42/coarse_spr/seed_42_attempt2/run_summary.json,Section/4evaluation.tex,seed42 official-test-selected benchmark control; Full is existing fresh42 reference only; not clean or causal evidence
benchmark_control_seed42,Coarse_SPR,42,SPRSound_official_Score,0.9021871603478575,,result/reproduce/pafa_joint_hierarchy/PAFA_BENCHMARK_4COND_seed42/coarse_spr/seed_42_attempt2/run_summary.json,Section/4evaluation.tex,seed42 official-test-selected benchmark control; Full is existing fresh42 reference only; not clean or causal evidence
benchmark_control_seed42,Coarse_SPR,42,SPRSound_CW_mean_AUROC,0.9367140299399346,,result/reproduce/pafa_joint_hierarchy/PAFA_BENCHMARK_4COND_seed42/coarse_spr/seed_42_attempt2/terminal/native_metrics.json,Section/4evaluation.tex,seed42 official-test-selected benchmark control; Full is existing fresh42 reference only; not clean or causal evidence
benchmark_control_seed42,Coarse_SPR,42,ICBHI_Sp,0.7441418619379354,,result/reproduce/pafa_joint_hierarchy/PAFA_BENCHMARK_4COND_seed42/coarse_spr/seed_42_attempt2/terminal/native_metrics.json,Section/4evaluation.tex,seed42 official-test-selected benchmark control; Full is existing fresh42 reference only; not clean or causal evidence
benchmark_control_seed42,Coarse_SPR,42,ICBHI_Se,0.3899745114698386,,result/reproduce/pafa_joint_hierarchy/PAFA_BENCHMARK_4COND_seed42/coarse_spr/seed_42_attempt2/terminal/native_metrics.json,Section/4evaluation.tex,seed42 official-test-selected benchmark control; Full is existing fresh42 reference only; not clean or causal evidence
benchmark_control_seed42,Coarse_SPR,42,ICBHI_Macro-F1,0.4586131026847352,,result/reproduce/pafa_joint_hierarchy/PAFA_BENCHMARK_4COND_seed42/coarse_spr/seed_42_attempt2/terminal/native_metrics.json,Section/4evaluation.tex,seed42 official-test-selected benchmark control; Full is existing fresh42 reference only; not clean or causal evidence
benchmark_control_seed42,Coarse_SPR,42,ICBHI_UAR,0.5000578837441902,,result/reproduce/pafa_joint_hierarchy/PAFA_BENCHMARK_4COND_seed42/coarse_spr/seed_42_attempt2/terminal/native_metrics.json,Section/4evaluation.tex,seed42 official-test-selected benchmark control; Full is existing fresh42 reference only; not clean or causal evidence
benchmark_control_seed42,Coarse_SPR,42,ICBHI_both_recall,0.5874125874125874,,result/reproduce/pafa_joint_hierarchy/PAFA_BENCHMARK_4COND_seed42/coarse_spr/seed_42_attempt2/terminal/native_metrics.json,Section/4evaluation.tex,seed42 official-test-selected benchmark control; Full is existing fresh42 reference only; not clean or causal evidence
benchmark_control_seed42,Coarse_SPR,42,ICBHI_both_f1,0.3230769230769231,,result/reproduce/pafa_joint_hierarchy/PAFA_BENCHMARK_4COND_seed42/coarse_spr/seed_42_attempt2/terminal/native_metrics.json,Section/4evaluation.tex,seed42 official-test-selected benchmark control; Full is existing fresh42 reference only; not clean or causal evidence
benchmark_control_seed42,Coarse_SPR,42,ICBHI_crackle_recall,0.4453004622496148,,result/reproduce/pafa_joint_hierarchy/PAFA_BENCHMARK_4COND_seed42/coarse_spr/seed_42_attempt2/terminal/native_metrics.json,Section/4evaluation.tex,seed42 official-test-selected benchmark control; Full is existing fresh42 reference only; not clean or causal evidence
benchmark_control_seed42,Coarse_SPR,42,ICBHI_crackle_f1,0.4642570281124498,,result/reproduce/pafa_joint_hierarchy/PAFA_BENCHMARK_4COND_seed42/coarse_spr/seed_42_attempt2/terminal/native_metrics.json,Section/4evaluation.tex,seed42 official-test-selected benchmark control; Full is existing fresh42 reference only; not clean or causal evidence
benchmark_control_seed42,Coarse_SPR,42,ICBHI_normal_recall,0.7441418619379354,,result/reproduce/pafa_joint_hierarchy/PAFA_BENCHMARK_4COND_seed42/coarse_spr/seed_42_attempt2/terminal/native_metrics.json,Section/4evaluation.tex,seed42 official-test-selected benchmark control; Full is existing fresh42 reference only; not clean or causal evidence
benchmark_control_seed42,Coarse_SPR,42,ICBHI_normal_f1,0.7355242566510172,,result/reproduce/pafa_joint_hierarchy/PAFA_BENCHMARK_4COND_seed42/coarse_spr/seed_42_attempt2/terminal/native_metrics.json,Section/4evaluation.tex,seed42 official-test-selected benchmark control; Full is existing fresh42 reference only; not clean or causal evidence
benchmark_control_seed42,Coarse_SPR,42,ICBHI_wheeze_recall,0.22337662337662337,,result/reproduce/pafa_joint_hierarchy/PAFA_BENCHMARK_4COND_seed42/coarse_spr/seed_42_attempt2/terminal/native_metrics.json,Section/4evaluation.tex,seed42 official-test-selected benchmark control; Full is existing fresh42 reference only; not clean or causal evidence
benchmark_control_seed42,Coarse_SPR,42,ICBHI_wheeze_f1,0.3115942028985507,,result/reproduce/pafa_joint_hierarchy/PAFA_BENCHMARK_4COND_seed42/coarse_spr/seed_42_attempt2/terminal/native_metrics.json,Section/4evaluation.tex,seed42 official-test-selected benchmark control; Full is existing fresh42 reference only; not clean or causal evidence
benchmark_control_seed42,Coarse_SPR,42,SPRSound_Sp,0.8288461538461539,,result/reproduce/pafa_joint_hierarchy/PAFA_BENCHMARK_4COND_seed42/coarse_spr/seed_42_attempt2/terminal/native_metrics.json,Section/4evaluation.tex,seed42 official-test-selected benchmark control; Full is existing fresh42 reference only; not clean or causal evidence
benchmark_control_seed42,Coarse_SPR,42,SPRSound_Se,0.9820051413881749,,result/reproduce/pafa_joint_hierarchy/PAFA_BENCHMARK_4COND_seed42/coarse_spr/seed_42_attempt2/terminal/native_metrics.json,Section/4evaluation.tex,seed42 official-test-selected benchmark control; Full is existing fresh42 reference only; not clean or causal evidence
benchmark_control_seed42,Coarse_SPR,42,SPRSound_Macro-F1,0.8540742895529523,,result/reproduce/pafa_joint_hierarchy/PAFA_BENCHMARK_4COND_seed42/coarse_spr/seed_42_attempt2/terminal/native_metrics.json,Section/4evaluation.tex,seed42 official-test-selected benchmark control; Full is existing fresh42 reference only; not clean or causal evidence
benchmark_control_seed42,Coarse_SPR,42,SPRSound_UAR,0.9054256476171644,,result/reproduce/pafa_joint_hierarchy/PAFA_BENCHMARK_4COND_seed42/coarse_spr/seed_42_attempt2/terminal/native_metrics.json,Section/4evaluation.tex,seed42 official-test-selected benchmark control; Full is existing fresh42 reference only; not clean or causal evidence
benchmark_control_seed42,Coarse_SPR,42,SPRSound_abnormal_recall,0.9820051413881749,,result/reproduce/pafa_joint_hierarchy/PAFA_BENCHMARK_4COND_seed42/coarse_spr/seed_42_attempt2/terminal/native_metrics.json,Section/4evaluation.tex,seed42 official-test-selected benchmark control; Full is existing fresh42 reference only; not clean or causal evidence
benchmark_control_seed42,Coarse_SPR,42,SPRSound_abnormal_f1,0.8050579557428873,,result/reproduce/pafa_joint_hierarchy/PAFA_BENCHMARK_4COND_seed42/coarse_spr/seed_42_attempt2/terminal/native_metrics.json,Section/4evaluation.tex,seed42 official-test-selected benchmark control; Full is existing fresh42 reference only; not clean or causal evidence
benchmark_control_seed42,Coarse_SPR,42,SPRSound_normal_recall,0.8288461538461539,,result/reproduce/pafa_joint_hierarchy/PAFA_BENCHMARK_4COND_seed42/coarse_spr/seed_42_attempt2/terminal/native_metrics.json,Section/4evaluation.tex,seed42 official-test-selected benchmark control; Full is existing fresh42 reference only; not clean or causal evidence
benchmark_control_seed42,Coarse_SPR,42,SPRSound_normal_f1,0.9030906233630173,,result/reproduce/pafa_joint_hierarchy/PAFA_BENCHMARK_4COND_seed42/coarse_spr/seed_42_attempt2/terminal/native_metrics.json,Section/4evaluation.tex,seed42 official-test-selected benchmark control; Full is existing fresh42 reference only; not clean or causal evidence
benchmark_control_seed42,Coarse_SPR,42,SPR_crackle_AUROC,0.9091255089396354,,result/reproduce/pafa_joint_hierarchy/PAFA_BENCHMARK_4COND_seed42/coarse_spr/seed_42_attempt2/terminal/native_metrics.json,Section/4evaluation.tex,seed42 official-test-selected benchmark control; Full is existing fresh42 reference only; not clean or causal evidence
benchmark_control_seed42,Coarse_SPR,42,SPR_crackle_AUPRC,0.33476987016073184,,result/reproduce/pafa_joint_hierarchy/PAFA_BENCHMARK_4COND_seed42/coarse_spr/seed_42_attempt2/terminal/native_metrics.json,Section/4evaluation.tex,seed42 official-test-selected benchmark control; Full is existing fresh42 reference only; not clean or causal evidence
benchmark_control_seed42,Coarse_SPR,42,SPR_crackle_eligible,1429,,result/reproduce/pafa_joint_hierarchy/PAFA_BENCHMARK_4COND_seed42/coarse_spr/seed_42_attempt2/terminal/native_metrics.json,Section/4evaluation.tex,seed42 official-test-selected benchmark control; Full is existing fresh42 reference only; not clean or causal evidence
benchmark_control_seed42,Coarse_SPR,42,SPR_crackle_positive,84,,result/reproduce/pafa_joint_hierarchy/PAFA_BENCHMARK_4COND_seed42/coarse_spr/seed_42_attempt2/terminal/native_metrics.json,Section/4evaluation.tex,seed42 official-test-selected benchmark control; Full is existing fresh42 reference only; not clean or causal evidence
benchmark_control_seed42,Coarse_SPR,42,SPR_crackle_negative,1345,,result/reproduce/pafa_joint_hierarchy/PAFA_BENCHMARK_4COND_seed42/coarse_spr/seed_42_attempt2/terminal/native_metrics.json,Section/4evaluation.tex,seed42 official-test-selected benchmark control; Full is existing fresh42 reference only; not clean or causal evidence
benchmark_control_seed42,Coarse_SPR,42,SPR_wheeze_AUROC,0.9643025509402336,,result/reproduce/pafa_joint_hierarchy/PAFA_BENCHMARK_4COND_seed42/coarse_spr/seed_42_attempt2/terminal/native_metrics.json,Section/4evaluation.tex,seed42 official-test-selected benchmark control; Full is existing fresh42 reference only; not clean or causal evidence
benchmark_control_seed42,Coarse_SPR,42,SPR_wheeze_AUPRC,0.8513297212478813,,result/reproduce/pafa_joint_hierarchy/PAFA_BENCHMARK_4COND_seed42/coarse_spr/seed_42_attempt2/terminal/native_metrics.json,Section/4evaluation.tex,seed42 official-test-selected benchmark control; Full is existing fresh42 reference only; not clean or causal evidence
benchmark_control_seed42,Coarse_SPR,42,SPR_wheeze_eligible,1429,,result/reproduce/pafa_joint_hierarchy/PAFA_BENCHMARK_4COND_seed42/coarse_spr/seed_42_attempt2/terminal/native_metrics.json,Section/4evaluation.tex,seed42 official-test-selected benchmark control; Full is existing fresh42 reference only; not clean or causal evidence
benchmark_control_seed42,Coarse_SPR,42,SPR_wheeze_positive,306,,result/reproduce/pafa_joint_hierarchy/PAFA_BENCHMARK_4COND_seed42/coarse_spr/seed_42_attempt2/terminal/native_metrics.json,Section/4evaluation.tex,seed42 official-test-selected benchmark control; Full is existing fresh42 reference only; not clean or causal evidence
benchmark_control_seed42,Coarse_SPR,42,SPR_wheeze_negative,1123,,result/reproduce/pafa_joint_hierarchy/PAFA_BENCHMARK_4COND_seed42/coarse_spr/seed_42_attempt2/terminal/native_metrics.json,Section/4evaluation.tex,seed42 official-test-selected benchmark control; Full is existing fresh42 reference only; not clean or causal evidence
benchmark_control_seed42,Native_attributes,42,selected_epoch,17,,result/reproduce/pafa_joint_hierarchy/PAFA_BENCHMARK_4COND_seed42/native_attributes/seed_42/run_summary.json,Section/4evaluation.tex,seed42 official-test-selected benchmark control; Full is existing fresh42 reference only; not clean or causal evidence
benchmark_control_seed42,Native_attributes,42,completed_epochs,27,,result/reproduce/pafa_joint_hierarchy/PAFA_BENCHMARK_4COND_seed42/native_attributes/seed_42/run_summary.json,Section/4evaluation.tex,seed42 official-test-selected benchmark control; Full is existing fresh42 reference only; not clean or causal evidence
benchmark_control_seed42,Native_attributes,42,elapsed_minutes,257.57471509930036,,result/reproduce/pafa_joint_hierarchy/PAFA_BENCHMARK_4COND_seed42/native_attributes/seed_42/run_summary.json,Section/4evaluation.tex,seed42 official-test-selected benchmark control; Full is existing fresh42 reference only; not clean or causal evidence
benchmark_control_seed42,Native_attributes,42,updates,8802,,result/reproduce/pafa_joint_hierarchy/PAFA_BENCHMARK_4COND_seed42/native_attributes/seed_42/run_summary.json,Section/4evaluation.tex,seed42 official-test-selected benchmark control; Full is existing fresh42 reference only; not clean or causal evidence
benchmark_control_seed42,Native_attributes,42,ICBHI_Score,0.6230003180012946,,result/reproduce/pafa_joint_hierarchy/PAFA_BENCHMARK_4COND_seed42/native_attributes/seed_42/run_summary.json,Section/4evaluation.tex,seed42 official-test-selected benchmark control; Full is existing fresh42 reference only; not clean or causal evidence
benchmark_control_seed42,Native_attributes,42,SPRSound_official_Score,0.9194377127049769,,result/reproduce/pafa_joint_hierarchy/PAFA_BENCHMARK_4COND_seed42/native_attributes/seed_42/run_summary.json,Section/4evaluation.tex,seed42 official-test-selected benchmark control; Full is existing fresh42 reference only; not clean or causal evidence
benchmark_control_seed42,Native_attributes,42,SPRSound_CW_mean_AUROC,0.974069729749974,,result/reproduce/pafa_joint_hierarchy/PAFA_BENCHMARK_4COND_seed42/native_attributes/seed_42/terminal/native_metrics.json,Section/4evaluation.tex,seed42 official-test-selected benchmark control; Full is existing fresh42 reference only; not clean or causal evidence
benchmark_control_seed42,Native_attributes,42,ICBHI_Sp,0.7872070930968967,,result/reproduce/pafa_joint_hierarchy/PAFA_BENCHMARK_4COND_seed42/native_attributes/seed_42/terminal/native_metrics.json,Section/4evaluation.tex,seed42 official-test-selected benchmark control; Full is existing fresh42 reference only; not clean or causal evidence
benchmark_control_seed42,Native_attributes,42,ICBHI_Se,0.45879354290569246,,result/reproduce/pafa_joint_hierarchy/PAFA_BENCHMARK_4COND_seed42/native_attributes/seed_42/terminal/native_metrics.json,Section/4evaluation.tex,seed42 official-test-selected benchmark control; Full is existing fresh42 reference only; not clean or causal evidence
benchmark_control_seed42,Native_attributes,42,ICBHI_Macro-F1,0.5096265596458299,,result/reproduce/pafa_joint_hierarchy/PAFA_BENCHMARK_4COND_seed42/native_attributes/seed_42/terminal/native_metrics.json,Section/4evaluation.tex,seed42 official-test-selected benchmark control; Full is existing fresh42 reference only; not clean or causal evidence
benchmark_control_seed42,Native_attributes,42,ICBHI_UAR,0.5038709752586804,,result/reproduce/pafa_joint_hierarchy/PAFA_BENCHMARK_4COND_seed42/native_attributes/seed_42/terminal/native_metrics.json,Section/4evaluation.tex,seed42 official-test-selected benchmark control; Full is existing fresh42 reference only; not clean or causal evidence
benchmark_control_seed42,Native_attributes,42,ICBHI_both_recall,0.34965034965034963,,result/reproduce/pafa_joint_hierarchy/PAFA_BENCHMARK_4COND_seed42/native_attributes/seed_42/terminal/native_metrics.json,Section/4evaluation.tex,seed42 official-test-selected benchmark control; Full is existing fresh42 reference only; not clean or causal evidence
benchmark_control_seed42,Native_attributes,42,ICBHI_both_f1,0.33783783783783783,,result/reproduce/pafa_joint_hierarchy/PAFA_BENCHMARK_4COND_seed42/native_attributes/seed_42/terminal/native_metrics.json,Section/4evaluation.tex,seed42 official-test-selected benchmark control; Full is existing fresh42 reference only; not clean or causal evidence
benchmark_control_seed42,Native_attributes,42,ICBHI_crackle_recall,0.5747303543913713,,result/reproduce/pafa_joint_hierarchy/PAFA_BENCHMARK_4COND_seed42/native_attributes/seed_42/terminal/native_metrics.json,Section/4evaluation.tex,seed42 official-test-selected benchmark control; Full is existing fresh42 reference only; not clean or causal evidence
benchmark_control_seed42,Native_attributes,42,ICBHI_crackle_f1,0.5366906474820143,,result/reproduce/pafa_joint_hierarchy/PAFA_BENCHMARK_4COND_seed42/native_attributes/seed_42/terminal/native_metrics.json,Section/4evaluation.tex,seed42 official-test-selected benchmark control; Full is existing fresh42 reference only; not clean or causal evidence
benchmark_control_seed42,Native_attributes,42,ICBHI_normal_recall,0.7872070930968967,,result/reproduce/pafa_joint_hierarchy/PAFA_BENCHMARK_4COND_seed42/native_attributes/seed_42/terminal/native_metrics.json,Section/4evaluation.tex,seed42 official-test-selected benchmark control; Full is existing fresh42 reference only; not clean or causal evidence
benchmark_control_seed42,Native_attributes,42,ICBHI_normal_f1,0.7687074829931972,,result/reproduce/pafa_joint_hierarchy/PAFA_BENCHMARK_4COND_seed42/native_attributes/seed_42/terminal/native_metrics.json,Section/4evaluation.tex,seed42 official-test-selected benchmark control; Full is existing fresh42 reference only; not clean or causal evidence
benchmark_control_seed42,Native_attributes,42,ICBHI_wheeze_recall,0.3038961038961039,,result/reproduce/pafa_joint_hierarchy/PAFA_BENCHMARK_4COND_seed42/native_attributes/seed_42/terminal/native_metrics.json,Section/4evaluation.tex,seed42 official-test-selected benchmark control; Full is existing fresh42 reference only; not clean or causal evidence
benchmark_control_seed42,Native_attributes,42,ICBHI_wheeze_f1,0.3952702702702703,,result/reproduce/pafa_joint_hierarchy/PAFA_BENCHMARK_4COND_seed42/native_attributes/seed_42/terminal/native_metrics.json,Section/4evaluation.tex,seed42 official-test-selected benchmark control; Full is existing fresh42 reference only; not clean or causal evidence
benchmark_control_seed42,Native_attributes,42,SPRSound_Sp,0.8653846153846154,,result/reproduce/pafa_joint_hierarchy/PAFA_BENCHMARK_4COND_seed42/native_attributes/seed_42/terminal/native_metrics.json,Section/4evaluation.tex,seed42 official-test-selected benchmark control; Full is existing fresh42 reference only; not clean or causal evidence
benchmark_control_seed42,Native_attributes,42,SPRSound_Se,0.9768637532133676,,result/reproduce/pafa_joint_hierarchy/PAFA_BENCHMARK_4COND_seed42/native_attributes/seed_42/terminal/native_metrics.json,Section/4evaluation.tex,seed42 official-test-selected benchmark control; Full is existing fresh42 reference only; not clean or causal evidence
benchmark_control_seed42,Native_attributes,42,SPRSound_Macro-F1,0.8798170735493251,,result/reproduce/pafa_joint_hierarchy/PAFA_BENCHMARK_4COND_seed42/native_attributes/seed_42/terminal/native_metrics.json,Section/4evaluation.tex,seed42 official-test-selected benchmark control; Full is existing fresh42 reference only; not clean or causal evidence
benchmark_control_seed42,Native_attributes,42,SPRSound_UAR,0.9211241842989915,,result/reproduce/pafa_joint_hierarchy/PAFA_BENCHMARK_4COND_seed42/native_attributes/seed_42/terminal/native_metrics.json,Section/4evaluation.tex,seed42 official-test-selected benchmark control; Full is existing fresh42 reference only; not clean or causal evidence
benchmark_control_seed42,Native_attributes,42,SPRSound_abnormal_recall,0.9768637532133676,,result/reproduce/pafa_joint_hierarchy/PAFA_BENCHMARK_4COND_seed42/native_attributes/seed_42/terminal/native_metrics.json,Section/4evaluation.tex,seed42 official-test-selected benchmark control; Full is existing fresh42 reference only; not clean or causal evidence
benchmark_control_seed42,Native_attributes,42,SPRSound_abnormal_f1,0.8360836083608361,,result/reproduce/pafa_joint_hierarchy/PAFA_BENCHMARK_4COND_seed42/native_attributes/seed_42/terminal/native_metrics.json,Section/4evaluation.tex,seed42 official-test-selected benchmark control; Full is existing fresh42 reference only; not clean or causal evidence
benchmark_control_seed42,Native_attributes,42,SPRSound_normal_recall,0.8653846153846154,,result/reproduce/pafa_joint_hierarchy/PAFA_BENCHMARK_4COND_seed42/native_attributes/seed_42/terminal/native_metrics.json,Section/4evaluation.tex,seed42 official-test-selected benchmark control; Full is existing fresh42 reference only; not clean or causal evidence
benchmark_control_seed42,Native_attributes,42,SPRSound_normal_f1,0.9235505387378142,,result/reproduce/pafa_joint_hierarchy/PAFA_BENCHMARK_4COND_seed42/native_attributes/seed_42/terminal/native_metrics.json,Section/4evaluation.tex,seed42 official-test-selected benchmark control; Full is existing fresh42 reference only; not clean or causal evidence
benchmark_control_seed42,Native_attributes,42,SPR_crackle_AUROC,0.9607806691449814,,result/reproduce/pafa_joint_hierarchy/PAFA_BENCHMARK_4COND_seed42/native_attributes/seed_42/terminal/native_metrics.json,Section/4evaluation.tex,seed42 official-test-selected benchmark control; Full is existing fresh42 reference only; not clean or causal evidence
benchmark_control_seed42,Native_attributes,42,SPR_crackle_AUPRC,0.6389515374262641,,result/reproduce/pafa_joint_hierarchy/PAFA_BENCHMARK_4COND_seed42/native_attributes/seed_42/terminal/native_metrics.json,Section/4evaluation.tex,seed42 official-test-selected benchmark control; Full is existing fresh42 reference only; not clean or causal evidence
benchmark_control_seed42,Native_attributes,42,SPR_crackle_eligible,1429,,result/reproduce/pafa_joint_hierarchy/PAFA_BENCHMARK_4COND_seed42/native_attributes/seed_42/terminal/native_metrics.json,Section/4evaluation.tex,seed42 official-test-selected benchmark control; Full is existing fresh42 reference only; not clean or causal evidence
benchmark_control_seed42,Native_attributes,42,SPR_crackle_positive,84,,result/reproduce/pafa_joint_hierarchy/PAFA_BENCHMARK_4COND_seed42/native_attributes/seed_42/terminal/native_metrics.json,Section/4evaluation.tex,seed42 official-test-selected benchmark control; Full is existing fresh42 reference only; not clean or causal evidence
benchmark_control_seed42,Native_attributes,42,SPR_crackle_negative,1345,,result/reproduce/pafa_joint_hierarchy/PAFA_BENCHMARK_4COND_seed42/native_attributes/seed_42/terminal/native_metrics.json,Section/4evaluation.tex,seed42 official-test-selected benchmark control; Full is existing fresh42 reference only; not clean or causal evidence
benchmark_control_seed42,Native_attributes,42,SPR_wheeze_AUROC,0.9873587903549665,,result/reproduce/pafa_joint_hierarchy/PAFA_BENCHMARK_4COND_seed42/native_attributes/seed_42/terminal/native_metrics.json,Section/4evaluation.tex,seed42 official-test-selected benchmark control; Full is existing fresh42 reference only; not clean or causal evidence
benchmark_control_seed42,Native_attributes,42,SPR_wheeze_AUPRC,0.9461983717386631,,result/reproduce/pafa_joint_hierarchy/PAFA_BENCHMARK_4COND_seed42/native_attributes/seed_42/terminal/native_metrics.json,Section/4evaluation.tex,seed42 official-test-selected benchmark control; Full is existing fresh42 reference only; not clean or causal evidence
benchmark_control_seed42,Native_attributes,42,SPR_wheeze_eligible,1429,,result/reproduce/pafa_joint_hierarchy/PAFA_BENCHMARK_4COND_seed42/native_attributes/seed_42/terminal/native_metrics.json,Section/4evaluation.tex,seed42 official-test-selected benchmark control; Full is existing fresh42 reference only; not clean or causal evidence
benchmark_control_seed42,Native_attributes,42,SPR_wheeze_positive,306,,result/reproduce/pafa_joint_hierarchy/PAFA_BENCHMARK_4COND_seed42/native_attributes/seed_42/terminal/native_metrics.json,Section/4evaluation.tex,seed42 official-test-selected benchmark control; Full is existing fresh42 reference only; not clean or causal evidence
benchmark_control_seed42,Native_attributes,42,SPR_wheeze_negative,1123,,result/reproduce/pafa_joint_hierarchy/PAFA_BENCHMARK_4COND_seed42/native_attributes/seed_42/terminal/native_metrics.json,Section/4evaluation.tex,seed42 official-test-selected benchmark control; Full is existing fresh42 reference only; not clean or causal evidence
benchmark_control_seed42,ICBHI_only_minus_Full,42,icbhi_score,-0.050038391526852855,,result/reproduce/pafa_joint_hierarchy/PAFA_BENCHMARK_4COND_seed42/icbhi_only/seed_42/run_summary.json; result/reproduce/pafa_joint_hierarchy/PAFA_JH2_main_multiseed/seed_42/run_summary.json,Section/4evaluation.tex,signed delta vs existing fresh42 Full reference; seed42 benchmark control; not clean/causal
benchmark_control_seed42,ICBHI_only_minus_Full,42,sprsound_official_score,-0.3350363262101579,,result/reproduce/pafa_joint_hierarchy/PAFA_BENCHMARK_4COND_seed42/icbhi_only/seed_42/run_summary.json; result/reproduce/pafa_joint_hierarchy/PAFA_JH2_main_multiseed/seed_42/run_summary.json,Section/4evaluation.tex,signed delta vs existing fresh42 Full reference; seed42 benchmark control; not clean/causal
benchmark_control_seed42,ICBHI_only_minus_Full,42,spr_cw_mean_auroc,-0.15941279570660094,,result/reproduce/pafa_joint_hierarchy/PAFA_BENCHMARK_4COND_seed42/icbhi_only/seed_42/run_summary.json; result/reproduce/pafa_joint_hierarchy/PAFA_JH2_main_multiseed/seed_42/run_summary.json,Section/4evaluation.tex,signed delta vs existing fresh42 Full reference; seed42 benchmark control; not clean/causal
benchmark_control_seed42,ICBHI_only_minus_Full,42,ICBHI_Sp,-0.13236225459151363,,result/reproduce/pafa_joint_hierarchy/PAFA_BENCHMARK_4COND_seed42/icbhi_only/seed_42/run_summary.json; result/reproduce/pafa_joint_hierarchy/PAFA_JH2_main_multiseed/seed_42/run_summary.json,Section/4evaluation.tex,signed delta vs existing fresh42 Full reference; seed42 benchmark control; not clean/causal
benchmark_control_seed42,ICBHI_only_minus_Full,42,ICBHI_Se,0.032285471537807975,,result/reproduce/pafa_joint_hierarchy/PAFA_BENCHMARK_4COND_seed42/icbhi_only/seed_42/run_summary.json; result/reproduce/pafa_joint_hierarchy/PAFA_JH2_main_multiseed/seed_42/run_summary.json,Section/4evaluation.tex,signed delta vs existing fresh42 Full reference; seed42 benchmark control; not clean/causal
benchmark_control_seed42,ICBHI_only_minus_Full,42,ICBHI_Macro-F1,-0.035163964830768335,,result/reproduce/pafa_joint_hierarchy/PAFA_BENCHMARK_4COND_seed42/icbhi_only/seed_42/run_summary.json; result/reproduce/pafa_joint_hierarchy/PAFA_JH2_main_multiseed/seed_42/run_summary.json,Section/4evaluation.tex,signed delta vs existing fresh42 Full reference; seed42 benchmark control; not clean/causal
benchmark_control_seed42,ICBHI_only_minus_Full,42,ICBHI_UAR,0.014155410716740091,,result/reproduce/pafa_joint_hierarchy/PAFA_BENCHMARK_4COND_seed42/icbhi_only/seed_42/run_summary.json; result/reproduce/pafa_joint_hierarchy/PAFA_JH2_main_multiseed/seed_42/run_summary.json,Section/4evaluation.tex,signed delta vs existing fresh42 Full reference; seed42 benchmark control; not clean/causal
benchmark_control_seed42,ICBHI_only_minus_Full,42,ICBHI_both_recall,0.23776223776223773,,result/reproduce/pafa_joint_hierarchy/PAFA_BENCHMARK_4COND_seed42/icbhi_only/seed_42/run_summary.json; result/reproduce/pafa_joint_hierarchy/PAFA_JH2_main_multiseed/seed_42/run_summary.json,Section/4evaluation.tex,signed delta vs existing fresh42 Full reference; seed42 benchmark control; not clean/causal
benchmark_control_seed42,ICBHI_only_minus_Full,42,ICBHI_crackle_recall,0.08628659476117106,,result/reproduce/pafa_joint_hierarchy/PAFA_BENCHMARK_4COND_seed42/icbhi_only/seed_42/run_summary.json; result/reproduce/pafa_joint_hierarchy/PAFA_JH2_main_multiseed/seed_42/run_summary.json,Section/4evaluation.tex,signed delta vs existing fresh42 Full reference; seed42 benchmark control; not clean/causal
benchmark_control_seed42,ICBHI_only_minus_Full,42,ICBHI_normal_recall,-0.13236225459151363,,result/reproduce/pafa_joint_hierarchy/PAFA_BENCHMARK_4COND_seed42/icbhi_only/seed_42/run_summary.json; result/reproduce/pafa_joint_hierarchy/PAFA_JH2_main_multiseed/seed_42/run_summary.json,Section/4evaluation.tex,signed delta vs existing fresh42 Full reference; seed42 benchmark control; not clean/causal
benchmark_control_seed42,ICBHI_only_minus_Full,42,ICBHI_wheeze_recall,-0.13506493506493505,,result/reproduce/pafa_joint_hierarchy/PAFA_BENCHMARK_4COND_seed42/icbhi_only/seed_42/run_summary.json; result/reproduce/pafa_joint_hierarchy/PAFA_JH2_main_multiseed/seed_42/run_summary.json,Section/4evaluation.tex,signed delta vs existing fresh42 Full reference; seed42 benchmark control; not clean/causal
benchmark_control_seed42,ICBHI_only_minus_Full,42,SPRSound_Sp,-0.20192307692307698,,result/reproduce/pafa_joint_hierarchy/PAFA_BENCHMARK_4COND_seed42/icbhi_only/seed_42/run_summary.json; result/reproduce/pafa_joint_hierarchy/PAFA_JH2_main_multiseed/seed_42/run_summary.json,Section/4evaluation.tex,signed delta vs existing fresh42 Full reference; seed42 benchmark control; not clean/causal
benchmark_control_seed42,ICBHI_only_minus_Full,42,SPRSound_Se,-0.46529562982005146,,result/reproduce/pafa_joint_hierarchy/PAFA_BENCHMARK_4COND_seed42/icbhi_only/seed_42/run_summary.json; result/reproduce/pafa_joint_hierarchy/PAFA_JH2_main_multiseed/seed_42/run_summary.json,Section/4evaluation.tex,signed delta vs existing fresh42 Full reference; seed42 benchmark control; not clean/causal
benchmark_control_seed42,ICBHI_only_minus_Full,42,SPRSound_Macro-F1,-0.30417799331389617,,result/reproduce/pafa_joint_hierarchy/PAFA_BENCHMARK_4COND_seed42/icbhi_only/seed_42/run_summary.json; result/reproduce/pafa_joint_hierarchy/PAFA_JH2_main_multiseed/seed_42/run_summary.json,Section/4evaluation.tex,signed delta vs existing fresh42 Full reference; seed42 benchmark control; not clean/causal
benchmark_control_seed42,ICBHI_only_minus_Full,42,SPRSound_UAR,-0.3336093533715643,,result/reproduce/pafa_joint_hierarchy/PAFA_BENCHMARK_4COND_seed42/icbhi_only/seed_42/run_summary.json; result/reproduce/pafa_joint_hierarchy/PAFA_JH2_main_multiseed/seed_42/run_summary.json,Section/4evaluation.tex,signed delta vs existing fresh42 Full reference; seed42 benchmark control; not clean/causal
benchmark_control_seed42,ICBHI_only_minus_Full,42,SPRSound_abnormal_recall,-0.46529562982005146,,result/reproduce/pafa_joint_hierarchy/PAFA_BENCHMARK_4COND_seed42/icbhi_only/seed_42/run_summary.json; result/reproduce/pafa_joint_hierarchy/PAFA_JH2_main_multiseed/seed_42/run_summary.json,Section/4evaluation.tex,signed delta vs existing fresh42 Full reference; seed42 benchmark control; not clean/causal
benchmark_control_seed42,ICBHI_only_minus_Full,42,SPRSound_normal_recall,-0.20192307692307698,,result/reproduce/pafa_joint_hierarchy/PAFA_BENCHMARK_4COND_seed42/icbhi_only/seed_42/run_summary.json; result/reproduce/pafa_joint_hierarchy/PAFA_JH2_main_multiseed/seed_42/run_summary.json,Section/4evaluation.tex,signed delta vs existing fresh42 Full reference; seed42 benchmark control; not clean/causal
benchmark_control_seed42,ICBHI_only_minus_Full,42,SPR_CW_crackle_auroc,-0.15295627544698176,,result/reproduce/pafa_joint_hierarchy/PAFA_BENCHMARK_4COND_seed42/icbhi_only/seed_42/run_summary.json; result/reproduce/pafa_joint_hierarchy/PAFA_JH2_main_multiseed/seed_42/run_summary.json,Section/4evaluation.tex,signed delta vs existing fresh42 Full reference; seed42 benchmark control; not clean/causal
benchmark_control_seed42,ICBHI_only_minus_Full,42,SPR_CW_crackle_auprc,-0.3656170028237682,,result/reproduce/pafa_joint_hierarchy/PAFA_BENCHMARK_4COND_seed42/icbhi_only/seed_42/run_summary.json; result/reproduce/pafa_joint_hierarchy/PAFA_JH2_main_multiseed/seed_42/run_summary.json,Section/4evaluation.tex,signed delta vs existing fresh42 Full reference; seed42 benchmark control; not clean/causal
benchmark_control_seed42,ICBHI_only_minus_Full,42,SPR_CW_wheeze_auroc,-0.16586931596622034,,result/reproduce/pafa_joint_hierarchy/PAFA_BENCHMARK_4COND_seed42/icbhi_only/seed_42/run_summary.json; result/reproduce/pafa_joint_hierarchy/PAFA_JH2_main_multiseed/seed_42/run_summary.json,Section/4evaluation.tex,signed delta vs existing fresh42 Full reference; seed42 benchmark control; not clean/causal
benchmark_control_seed42,ICBHI_only_minus_Full,42,SPR_CW_wheeze_auprc,-0.36559582195520524,,result/reproduce/pafa_joint_hierarchy/PAFA_BENCHMARK_4COND_seed42/icbhi_only/seed_42/run_summary.json; result/reproduce/pafa_joint_hierarchy/PAFA_JH2_main_multiseed/seed_42/run_summary.json,Section/4evaluation.tex,signed delta vs existing fresh42 Full reference; seed42 benchmark control; not clean/causal
benchmark_control_seed42,ICBHI_only_minus_Full,42,SPR_CW_mean_auroc,-0.15941279570660094,,result/reproduce/pafa_joint_hierarchy/PAFA_BENCHMARK_4COND_seed42/icbhi_only/seed_42/run_summary.json; result/reproduce/pafa_joint_hierarchy/PAFA_JH2_main_multiseed/seed_42/run_summary.json,Section/4evaluation.tex,signed delta vs existing fresh42 Full reference; seed42 benchmark control; not clean/causal
benchmark_control_seed42,ICBHI_only_minus_Full,42,SPR_CW_mean_auprc,-0.36560641238948666,,result/reproduce/pafa_joint_hierarchy/PAFA_BENCHMARK_4COND_seed42/icbhi_only/seed_42/run_summary.json; result/reproduce/pafa_joint_hierarchy/PAFA_JH2_main_multiseed/seed_42/run_summary.json,Section/4evaluation.tex,signed delta vs existing fresh42 Full reference; seed42 benchmark control; not clean/causal
benchmark_control_seed42,SPRSound_only_minus_Full,42,icbhi_score,-0.13240207201249632,,result/reproduce/pafa_joint_hierarchy/PAFA_BENCHMARK_4COND_seed42/sprsound_only/seed_42/run_summary.json; result/reproduce/pafa_joint_hierarchy/PAFA_JH2_main_multiseed/seed_42/run_summary.json,Section/4evaluation.tex,signed delta vs existing fresh42 Full reference; seed42 benchmark control; not clean/causal
benchmark_control_seed42,SPRSound_only_minus_Full,42,sprsound_official_score,0.019526651905298564,,result/reproduce/pafa_joint_hierarchy/PAFA_BENCHMARK_4COND_seed42/sprsound_only/seed_42/run_summary.json; result/reproduce/pafa_joint_hierarchy/PAFA_JH2_main_multiseed/seed_42/run_summary.json,Section/4evaluation.tex,signed delta vs existing fresh42 Full reference; seed42 benchmark control; not clean/causal
benchmark_control_seed42,SPRSound_only_minus_Full,42,spr_cw_mean_auroc,0.006860720511389751,,result/reproduce/pafa_joint_hierarchy/PAFA_BENCHMARK_4COND_seed42/sprsound_only/seed_42/run_summary.json; result/reproduce/pafa_joint_hierarchy/PAFA_JH2_main_multiseed/seed_42/run_summary.json,Section/4evaluation.tex,signed delta vs existing fresh42 Full reference; seed42 benchmark control; not clean/causal
benchmark_control_seed42,SPRSound_only_minus_Full,42,ICBHI_Sp,0.024065864471184195,,result/reproduce/pafa_joint_hierarchy/PAFA_BENCHMARK_4COND_seed42/sprsound_only/seed_42/run_summary.json; result/reproduce/pafa_joint_hierarchy/PAFA_JH2_main_multiseed/seed_42/run_summary.json,Section/4evaluation.tex,signed delta vs existing fresh42 Full reference; seed42 benchmark control; not clean/causal
benchmark_control_seed42,SPRSound_only_minus_Full,42,ICBHI_Se,-0.2888700084961767,,result/reproduce/pafa_joint_hierarchy/PAFA_BENCHMARK_4COND_seed42/sprsound_only/seed_42/run_summary.json; result/reproduce/pafa_joint_hierarchy/PAFA_JH2_main_multiseed/seed_42/run_summary.json,Section/4evaluation.tex,signed delta vs existing fresh42 Full reference; seed42 benchmark control; not clean/causal
benchmark_control_seed42,SPRSound_only_minus_Full,42,ICBHI_Macro-F1,-0.20585725458842846,,result/reproduce/pafa_joint_hierarchy/PAFA_BENCHMARK_4COND_seed42/sprsound_only/seed_42/run_summary.json; result/reproduce/pafa_joint_hierarchy/PAFA_JH2_main_multiseed/seed_42/run_summary.json,Section/4evaluation.tex,signed delta vs existing fresh42 Full reference; seed42 benchmark control; not clean/causal
benchmark_control_seed42,SPRSound_only_minus_Full,42,ICBHI_UAR,-0.1771512136600532,,result/reproduce/pafa_joint_hierarchy/PAFA_BENCHMARK_4COND_seed42/sprsound_only/seed_42/run_summary.json; result/reproduce/pafa_joint_hierarchy/PAFA_JH2_main_multiseed/seed_42/run_summary.json,Section/4evaluation.tex,signed delta vs existing fresh42 Full reference; seed42 benchmark control; not clean/causal
benchmark_control_seed42,SPRSound_only_minus_Full,42,ICBHI_both_recall,-0.24475524475524477,,result/reproduce/pafa_joint_hierarchy/PAFA_BENCHMARK_4COND_seed42/sprsound_only/seed_42/run_summary.json; result/reproduce/pafa_joint_hierarchy/PAFA_JH2_main_multiseed/seed_42/run_summary.json,Section/4evaluation.tex,signed delta vs existing fresh42 Full reference; seed42 benchmark control; not clean/causal
benchmark_control_seed42,SPRSound_only_minus_Full,42,ICBHI_crackle_recall,-0.4437596302003082,,result/reproduce/pafa_joint_hierarchy/PAFA_BENCHMARK_4COND_seed42/sprsound_only/seed_42/run_summary.json; result/reproduce/pafa_joint_hierarchy/PAFA_JH2_main_multiseed/seed_42/run_summary.json,Section/4evaluation.tex,signed delta vs existing fresh42 Full reference; seed42 benchmark control; not clean/causal
benchmark_control_seed42,SPRSound_only_minus_Full,42,ICBHI_normal_recall,0.024065864471184195,,result/reproduce/pafa_joint_hierarchy/PAFA_BENCHMARK_4COND_seed42/sprsound_only/seed_42/run_summary.json; result/reproduce/pafa_joint_hierarchy/PAFA_JH2_main_multiseed/seed_42/run_summary.json,Section/4evaluation.tex,signed delta vs existing fresh42 Full reference; seed42 benchmark control; not clean/causal
benchmark_control_seed42,SPRSound_only_minus_Full,42,ICBHI_wheeze_recall,-0.04415584415584417,,result/reproduce/pafa_joint_hierarchy/PAFA_BENCHMARK_4COND_seed42/sprsound_only/seed_42/run_summary.json; result/reproduce/pafa_joint_hierarchy/PAFA_JH2_main_multiseed/seed_42/run_summary.json,Section/4evaluation.tex,signed delta vs existing fresh42 Full reference; seed42 benchmark control; not clean/causal
benchmark_control_seed42,SPRSound_only_minus_Full,42,SPRSound_Sp,0.029807692307692313,,result/reproduce/pafa_joint_hierarchy/PAFA_BENCHMARK_4COND_seed42/sprsound_only/seed_42/run_summary.json; result/reproduce/pafa_joint_hierarchy/PAFA_JH2_main_multiseed/seed_42/run_summary.json,Section/4evaluation.tex,signed delta vs existing fresh42 Full reference; seed42 benchmark control; not clean/causal
benchmark_control_seed42,SPRSound_only_minus_Full,42,SPRSound_Se,0.007712082262210762,,result/reproduce/pafa_joint_hierarchy/PAFA_BENCHMARK_4COND_seed42/sprsound_only/seed_42/run_summary.json; result/reproduce/pafa_joint_hierarchy/PAFA_JH2_main_multiseed/seed_42/run_summary.json,Section/4evaluation.tex,signed delta vs existing fresh42 Full reference; seed42 benchmark control; not clean/causal
benchmark_control_seed42,SPRSound_only_minus_Full,42,SPRSound_Macro-F1,0.025213463516429613,,result/reproduce/pafa_joint_hierarchy/PAFA_BENCHMARK_4COND_seed42/sprsound_only/seed_42/run_summary.json; result/reproduce/pafa_joint_hierarchy/PAFA_JH2_main_multiseed/seed_42/run_summary.json,Section/4evaluation.tex,signed delta vs existing fresh42 Full reference; seed42 benchmark control; not clean/causal
benchmark_control_seed42,SPRSound_only_minus_Full,42,SPRSound_UAR,0.018759887284951482,,result/reproduce/pafa_joint_hierarchy/PAFA_BENCHMARK_4COND_seed42/sprsound_only/seed_42/run_summary.json; result/reproduce/pafa_joint_hierarchy/PAFA_JH2_main_multiseed/seed_42/run_summary.json,Section/4evaluation.tex,signed delta vs existing fresh42 Full reference; seed42 benchmark control; not clean/causal
benchmark_control_seed42,SPRSound_only_minus_Full,42,SPRSound_abnormal_recall,0.007712082262210762,,result/reproduce/pafa_joint_hierarchy/PAFA_BENCHMARK_4COND_seed42/sprsound_only/seed_42/run_summary.json; result/reproduce/pafa_joint_hierarchy/PAFA_JH2_main_multiseed/seed_42/run_summary.json,Section/4evaluation.tex,signed delta vs existing fresh42 Full reference; seed42 benchmark control; not clean/causal
benchmark_control_seed42,SPRSound_only_minus_Full,42,SPRSound_normal_recall,0.029807692307692313,,result/reproduce/pafa_joint_hierarchy/PAFA_BENCHMARK_4COND_seed42/sprsound_only/seed_42/run_summary.json; result/reproduce/pafa_joint_hierarchy/PAFA_JH2_main_multiseed/seed_42/run_summary.json,Section/4evaluation.tex,signed delta vs existing fresh42 Full reference; seed42 benchmark control; not clean/causal
benchmark_control_seed42,SPRSound_only_minus_Full,42,SPR_CW_crackle_auroc,0.013135068153655505,,result/reproduce/pafa_joint_hierarchy/PAFA_BENCHMARK_4COND_seed42/sprsound_only/seed_42/run_summary.json; result/reproduce/pafa_joint_hierarchy/PAFA_JH2_main_multiseed/seed_42/run_summary.json,Section/4evaluation.tex,signed delta vs existing fresh42 Full reference; seed42 benchmark control; not clean/causal
benchmark_control_seed42,SPRSound_only_minus_Full,42,SPR_CW_crackle_auprc,0.15332630591254104,,result/reproduce/pafa_joint_hierarchy/PAFA_BENCHMARK_4COND_seed42/sprsound_only/seed_42/run_summary.json; result/reproduce/pafa_joint_hierarchy/PAFA_JH2_main_multiseed/seed_42/run_summary.json,Section/4evaluation.tex,signed delta vs existing fresh42 Full reference; seed42 benchmark control; not clean/causal
benchmark_control_seed42,SPRSound_only_minus_Full,42,SPR_CW_wheeze_auroc,0.0005863728691237746,,result/reproduce/pafa_joint_hierarchy/PAFA_BENCHMARK_4COND_seed42/sprsound_only/seed_42/run_summary.json; result/reproduce/pafa_joint_hierarchy/PAFA_JH2_main_multiseed/seed_42/run_summary.json,Section/4evaluation.tex,signed delta vs existing fresh42 Full reference; seed42 benchmark control; not clean/causal
benchmark_control_seed42,SPRSound_only_minus_Full,42,SPR_CW_wheeze_auprc,0.018028383907753187,,result/reproduce/pafa_joint_hierarchy/PAFA_BENCHMARK_4COND_seed42/sprsound_only/seed_42/run_summary.json; result/reproduce/pafa_joint_hierarchy/PAFA_JH2_main_multiseed/seed_42/run_summary.json,Section/4evaluation.tex,signed delta vs existing fresh42 Full reference; seed42 benchmark control; not clean/causal
benchmark_control_seed42,SPRSound_only_minus_Full,42,SPR_CW_mean_auroc,0.006860720511389751,,result/reproduce/pafa_joint_hierarchy/PAFA_BENCHMARK_4COND_seed42/sprsound_only/seed_42/run_summary.json; result/reproduce/pafa_joint_hierarchy/PAFA_JH2_main_multiseed/seed_42/run_summary.json,Section/4evaluation.tex,signed delta vs existing fresh42 Full reference; seed42 benchmark control; not clean/causal
benchmark_control_seed42,SPRSound_only_minus_Full,42,SPR_CW_mean_auprc,0.08567734491014711,,result/reproduce/pafa_joint_hierarchy/PAFA_BENCHMARK_4COND_seed42/sprsound_only/seed_42/run_summary.json; result/reproduce/pafa_joint_hierarchy/PAFA_JH2_main_multiseed/seed_42/run_summary.json,Section/4evaluation.tex,signed delta vs existing fresh42 Full reference; seed42 benchmark control; not clean/causal
benchmark_control_seed42,Coarse_SPR_minus_Full,42,icbhi_score,-0.04463398373835015,,result/reproduce/pafa_joint_hierarchy/PAFA_BENCHMARK_4COND_seed42/coarse_spr/seed_42_attempt2/run_summary.json; result/reproduce/pafa_joint_hierarchy/PAFA_JH2_main_multiseed/seed_42/run_summary.json,Section/4evaluation.tex,signed delta vs existing fresh42 Full reference; seed42 benchmark control; not clean/causal
benchmark_control_seed42,Coarse_SPR_minus_Full,42,sprsound_official_score,-0.0014865580469287654,,result/reproduce/pafa_joint_hierarchy/PAFA_BENCHMARK_4COND_seed42/coarse_spr/seed_42_attempt2/run_summary.json; result/reproduce/pafa_joint_hierarchy/PAFA_JH2_main_multiseed/seed_42/run_summary.json,Section/4evaluation.tex,signed delta vs existing fresh42 Full reference; seed42 benchmark control; not clean/causal
benchmark_control_seed42,Coarse_SPR_minus_Full,42,spr_cw_mean_auroc,-0.03500492513678033,,result/reproduce/pafa_joint_hierarchy/PAFA_BENCHMARK_4COND_seed42/coarse_spr/seed_42_attempt2/run_summary.json; result/reproduce/pafa_joint_hierarchy/PAFA_JH2_main_multiseed/seed_42/run_summary.json,Section/4evaluation.tex,signed delta vs existing fresh42 Full reference; seed42 benchmark control; not clean/causal
benchmark_control_seed42,Coarse_SPR_minus_Full,42,ICBHI_Sp,-0.05953134895503487,,result/reproduce/pafa_joint_hierarchy/PAFA_BENCHMARK_4COND_seed42/coarse_spr/seed_42_attempt2/run_summary.json; result/reproduce/pafa_joint_hierarchy/PAFA_JH2_main_multiseed/seed_42/run_summary.json,Section/4evaluation.tex,signed delta vs existing fresh42 Full reference; seed42 benchmark control; not clean/causal
benchmark_control_seed42,Coarse_SPR_minus_Full,42,ICBHI_Se,-0.02973661852166526,,result/reproduce/pafa_joint_hierarchy/PAFA_BENCHMARK_4COND_seed42/coarse_spr/seed_42_attempt2/run_summary.json; result/reproduce/pafa_joint_hierarchy/PAFA_JH2_main_multiseed/seed_42/run_summary.json,Section/4evaluation.tex,signed delta vs existing fresh42 Full reference; seed42 benchmark control; not clean/causal
benchmark_control_seed42,Coarse_SPR_minus_Full,42,ICBHI_Macro-F1,-0.02647714920105637,,result/reproduce/pafa_joint_hierarchy/PAFA_BENCHMARK_4COND_seed42/coarse_spr/seed_42_attempt2/run_summary.json; result/reproduce/pafa_joint_hierarchy/PAFA_JH2_main_multiseed/seed_42/run_summary.json,Section/4evaluation.tex,signed delta vs existing fresh42 Full reference; seed42 benchmark control; not clean/causal
benchmark_control_seed42,Coarse_SPR_minus_Full,42,ICBHI_UAR,0.02891489045727408,,result/reproduce/pafa_joint_hierarchy/PAFA_BENCHMARK_4COND_seed42/coarse_spr/seed_42_attempt2/run_summary.json; result/reproduce/pafa_joint_hierarchy/PAFA_JH2_main_multiseed/seed_42/run_summary.json,Section/4evaluation.tex,signed delta vs existing fresh42 Full reference; seed42 benchmark control; not clean/causal
benchmark_control_seed42,Coarse_SPR_minus_Full,42,ICBHI_both_recall,0.3426573426573426,,result/reproduce/pafa_joint_hierarchy/PAFA_BENCHMARK_4COND_seed42/coarse_spr/seed_42_attempt2/run_summary.json; result/reproduce/pafa_joint_hierarchy/PAFA_JH2_main_multiseed/seed_42/run_summary.json,Section/4evaluation.tex,signed delta vs existing fresh42 Full reference; seed42 benchmark control; not clean/causal
benchmark_control_seed42,Coarse_SPR_minus_Full,42,ICBHI_crackle_recall,-0.07395993836671805,,result/reproduce/pafa_joint_hierarchy/PAFA_BENCHMARK_4COND_seed42/coarse_spr/seed_42_attempt2/run_summary.json; result/reproduce/pafa_joint_hierarchy/PAFA_JH2_main_multiseed/seed_42/run_summary.json,Section/4evaluation.tex,signed delta vs existing fresh42 Full reference; seed42 benchmark control; not clean/causal
benchmark_control_seed42,Coarse_SPR_minus_Full,42,ICBHI_normal_recall,-0.05953134895503487,,result/reproduce/pafa_joint_hierarchy/PAFA_BENCHMARK_4COND_seed42/coarse_spr/seed_42_attempt2/run_summary.json; result/reproduce/pafa_joint_hierarchy/PAFA_JH2_main_multiseed/seed_42/run_summary.json,Section/4evaluation.tex,signed delta vs existing fresh42 Full reference; seed42 benchmark control; not clean/causal
benchmark_control_seed42,Coarse_SPR_minus_Full,42,ICBHI_wheeze_recall,-0.09350649350649351,,result/reproduce/pafa_joint_hierarchy/PAFA_BENCHMARK_4COND_seed42/coarse_spr/seed_42_attempt2/run_summary.json; result/reproduce/pafa_joint_hierarchy/PAFA_JH2_main_multiseed/seed_42/run_summary.json,Section/4evaluation.tex,signed delta vs existing fresh42 Full reference; seed42 benchmark control; not clean/causal
benchmark_control_seed42,Coarse_SPR_minus_Full,42,SPRSound_Sp,-0.011538461538461497,,result/reproduce/pafa_joint_hierarchy/PAFA_BENCHMARK_4COND_seed42/coarse_spr/seed_42_attempt2/run_summary.json; result/reproduce/pafa_joint_hierarchy/PAFA_JH2_main_multiseed/seed_42/run_summary.json,Section/4evaluation.tex,signed delta vs existing fresh42 Full reference; seed42 benchmark control; not clean/causal
benchmark_control_seed42,Coarse_SPR_minus_Full,42,SPRSound_Se,0.010282776349614386,,result/reproduce/pafa_joint_hierarchy/PAFA_BENCHMARK_4COND_seed42/coarse_spr/seed_42_attempt2/run_summary.json; result/reproduce/pafa_joint_hierarchy/PAFA_JH2_main_multiseed/seed_42/run_summary.json,Section/4evaluation.tex,signed delta vs existing fresh42 Full reference; seed42 benchmark control; not clean/causal
benchmark_control_seed42,Coarse_SPR_minus_Full,42,SPRSound_Macro-F1,-0.0050963790067837245,,result/reproduce/pafa_joint_hierarchy/PAFA_BENCHMARK_4COND_seed42/coarse_spr/seed_42_attempt2/run_summary.json; result/reproduce/pafa_joint_hierarchy/PAFA_JH2_main_multiseed/seed_42/run_summary.json,Section/4evaluation.tex,signed delta vs existing fresh42 Full reference; seed42 benchmark control; not clean/causal
benchmark_control_seed42,Coarse_SPR_minus_Full,42,SPRSound_UAR,-0.000627842594423611,,result/reproduce/pafa_joint_hierarchy/PAFA_BENCHMARK_4COND_seed42/coarse_spr/seed_42_attempt2/run_summary.json; result/reproduce/pafa_joint_hierarchy/PAFA_JH2_main_multiseed/seed_42/run_summary.json,Section/4evaluation.tex,signed delta vs existing fresh42 Full reference; seed42 benchmark control; not clean/causal
benchmark_control_seed42,Coarse_SPR_minus_Full,42,SPRSound_abnormal_recall,0.010282776349614386,,result/reproduce/pafa_joint_hierarchy/PAFA_BENCHMARK_4COND_seed42/coarse_spr/seed_42_attempt2/run_summary.json; result/reproduce/pafa_joint_hierarchy/PAFA_JH2_main_multiseed/seed_42/run_summary.json,Section/4evaluation.tex,signed delta vs existing fresh42 Full reference; seed42 benchmark control; not clean/causal
benchmark_control_seed42,Coarse_SPR_minus_Full,42,SPRSound_normal_recall,-0.011538461538461497,,result/reproduce/pafa_joint_hierarchy/PAFA_BENCHMARK_4COND_seed42/coarse_spr/seed_42_attempt2/run_summary.json; result/reproduce/pafa_joint_hierarchy/PAFA_JH2_main_multiseed/seed_42/run_summary.json,Section/4evaluation.tex,signed delta vs existing fresh42 Full reference; seed42 benchmark control; not clean/causal
benchmark_control_seed42,Coarse_SPR_minus_Full,42,SPR_CW_crackle_auroc,-0.047902283590015915,,result/reproduce/pafa_joint_hierarchy/PAFA_BENCHMARK_4COND_seed42/coarse_spr/seed_42_attempt2/run_summary.json; result/reproduce/pafa_joint_hierarchy/PAFA_JH2_main_multiseed/seed_42/run_summary.json,Section/4evaluation.tex,signed delta vs existing fresh42 Full reference; seed42 benchmark control; not clean/causal
benchmark_control_seed42,Coarse_SPR_minus_Full,42,SPR_CW_crackle_auprc,-0.22831187707742467,,result/reproduce/pafa_joint_hierarchy/PAFA_BENCHMARK_4COND_seed42/coarse_spr/seed_42_attempt2/run_summary.json; result/reproduce/pafa_joint_hierarchy/PAFA_JH2_main_multiseed/seed_42/run_summary.json,Section/4evaluation.tex,signed delta vs existing fresh42 Full reference; seed42 benchmark control; not clean/causal
benchmark_control_seed42,Coarse_SPR_minus_Full,42,SPR_CW_wheeze_auroc,-0.022107566683544966,,result/reproduce/pafa_joint_hierarchy/PAFA_BENCHMARK_4COND_seed42/coarse_spr/seed_42_attempt2/run_summary.json; result/reproduce/pafa_joint_hierarchy/PAFA_JH2_main_multiseed/seed_42/run_summary.json,Section/4evaluation.tex,signed delta vs existing fresh42 Full reference; seed42 benchmark control; not clean/causal
benchmark_control_seed42,Coarse_SPR_minus_Full,42,SPR_CW_wheeze_auprc,-0.08935166493065394,,result/reproduce/pafa_joint_hierarchy/PAFA_BENCHMARK_4COND_seed42/coarse_spr/seed_42_attempt2/run_summary.json; result/reproduce/pafa_joint_hierarchy/PAFA_JH2_main_multiseed/seed_42/run_summary.json,Section/4evaluation.tex,signed delta vs existing fresh42 Full reference; seed42 benchmark control; not clean/causal
benchmark_control_seed42,Coarse_SPR_minus_Full,42,SPR_CW_mean_auroc,-0.03500492513678033,,result/reproduce/pafa_joint_hierarchy/PAFA_BENCHMARK_4COND_seed42/coarse_spr/seed_42_attempt2/run_summary.json; result/reproduce/pafa_joint_hierarchy/PAFA_JH2_main_multiseed/seed_42/run_summary.json,Section/4evaluation.tex,signed delta vs existing fresh42 Full reference; seed42 benchmark control; not clean/causal
benchmark_control_seed42,Coarse_SPR_minus_Full,42,SPR_CW_mean_auprc,-0.15883177100403922,,result/reproduce/pafa_joint_hierarchy/PAFA_BENCHMARK_4COND_seed42/coarse_spr/seed_42_attempt2/run_summary.json; result/reproduce/pafa_joint_hierarchy/PAFA_JH2_main_multiseed/seed_42/run_summary.json,Section/4evaluation.tex,signed delta vs existing fresh42 Full reference; seed42 benchmark control; not clean/causal
benchmark_control_seed42,Native_attributes_minus_Full,42,icbhi_score,0.011308147559057513,,result/reproduce/pafa_joint_hierarchy/PAFA_BENCHMARK_4COND_seed42/native_attributes/seed_42/run_summary.json; result/reproduce/pafa_joint_hierarchy/PAFA_JH2_main_multiseed/seed_42/run_summary.json,Section/4evaluation.tex,signed delta vs existing fresh42 Full reference; seed42 benchmark control; not clean/causal
benchmark_control_seed42,Native_attributes_minus_Full,42,sprsound_official_score,0.0157639943101906,,result/reproduce/pafa_joint_hierarchy/PAFA_BENCHMARK_4COND_seed42/native_attributes/seed_42/run_summary.json; result/reproduce/pafa_joint_hierarchy/PAFA_JH2_main_multiseed/seed_42/run_summary.json,Section/4evaluation.tex,signed delta vs existing fresh42 Full reference; seed42 benchmark control; not clean/causal
benchmark_control_seed42,Native_attributes_minus_Full,42,spr_cw_mean_auroc,0.0023507746732590595,,result/reproduce/pafa_joint_hierarchy/PAFA_BENCHMARK_4COND_seed42/native_attributes/seed_42/run_summary.json; result/reproduce/pafa_joint_hierarchy/PAFA_JH2_main_multiseed/seed_42/run_summary.json,Section/4evaluation.tex,signed delta vs existing fresh42 Full reference; seed42 benchmark control; not clean/causal
benchmark_control_seed42,Native_attributes_minus_Full,42,ICBHI_Sp,-0.016466117796073543,,result/reproduce/pafa_joint_hierarchy/PAFA_BENCHMARK_4COND_seed42/native_attributes/seed_42/run_summary.json; result/reproduce/pafa_joint_hierarchy/PAFA_JH2_main_multiseed/seed_42/run_summary.json,Section/4evaluation.tex,signed delta vs existing fresh42 Full reference; seed42 benchmark control; not clean/causal
benchmark_control_seed42,Native_attributes_minus_Full,42,ICBHI_Se,0.039082412914188625,,result/reproduce/pafa_joint_hierarchy/PAFA_BENCHMARK_4COND_seed42/native_attributes/seed_42/run_summary.json; result/reproduce/pafa_joint_hierarchy/PAFA_JH2_main_multiseed/seed_42/run_summary.json,Section/4evaluation.tex,signed delta vs existing fresh42 Full reference; seed42 benchmark control; not clean/causal
benchmark_control_seed42,Native_attributes_minus_Full,42,ICBHI_Macro-F1,0.024536307760038345,,result/reproduce/pafa_joint_hierarchy/PAFA_BENCHMARK_4COND_seed42/native_attributes/seed_42/run_summary.json; result/reproduce/pafa_joint_hierarchy/PAFA_JH2_main_multiseed/seed_42/run_summary.json,Section/4evaluation.tex,signed delta vs existing fresh42 Full reference; seed42 benchmark control; not clean/causal
benchmark_control_seed42,Native_attributes_minus_Full,42,ICBHI_UAR,0.03272798197176424,,result/reproduce/pafa_joint_hierarchy/PAFA_BENCHMARK_4COND_seed42/native_attributes/seed_42/run_summary.json; result/reproduce/pafa_joint_hierarchy/PAFA_JH2_main_multiseed/seed_42/run_summary.json,Section/4evaluation.tex,signed delta vs existing fresh42 Full reference; seed42 benchmark control; not clean/causal
benchmark_control_seed42,Native_attributes_minus_Full,42,ICBHI_both_recall,0.10489510489510487,,result/reproduce/pafa_joint_hierarchy/PAFA_BENCHMARK_4COND_seed42/native_attributes/seed_42/run_summary.json; result/reproduce/pafa_joint_hierarchy/PAFA_JH2_main_multiseed/seed_42/run_summary.json,Section/4evaluation.tex,signed delta vs existing fresh42 Full reference; seed42 benchmark control; not clean/causal
benchmark_control_seed42,Native_attributes_minus_Full,42,ICBHI_crackle_recall,0.055469953775038494,,result/reproduce/pafa_joint_hierarchy/PAFA_BENCHMARK_4COND_seed42/native_attributes/seed_42/run_summary.json; result/reproduce/pafa_joint_hierarchy/PAFA_JH2_main_multiseed/seed_42/run_summary.json,Section/4evaluation.tex,signed delta vs existing fresh42 Full reference; seed42 benchmark control; not clean/causal
benchmark_control_seed42,Native_attributes_minus_Full,42,ICBHI_normal_recall,-0.016466117796073543,,result/reproduce/pafa_joint_hierarchy/PAFA_BENCHMARK_4COND_seed42/native_attributes/seed_42/run_summary.json; result/reproduce/pafa_joint_hierarchy/PAFA_JH2_main_multiseed/seed_42/run_summary.json,Section/4evaluation.tex,signed delta vs existing fresh42 Full reference; seed42 benchmark control; not clean/causal
benchmark_control_seed42,Native_attributes_minus_Full,42,ICBHI_wheeze_recall,-0.012987012987012991,,result/reproduce/pafa_joint_hierarchy/PAFA_BENCHMARK_4COND_seed42/native_attributes/seed_42/run_summary.json; result/reproduce/pafa_joint_hierarchy/PAFA_JH2_main_multiseed/seed_42/run_summary.json,Section/4evaluation.tex,signed delta vs existing fresh42 Full reference; seed42 benchmark control; not clean/causal
benchmark_control_seed42,Native_attributes_minus_Full,42,SPRSound_Sp,0.025000000000000022,,result/reproduce/pafa_joint_hierarchy/PAFA_BENCHMARK_4COND_seed42/native_attributes/seed_42/run_summary.json; result/reproduce/pafa_joint_hierarchy/PAFA_JH2_main_multiseed/seed_42/run_summary.json,Section/4evaluation.tex,signed delta vs existing fresh42 Full reference; seed42 benchmark control; not clean/causal
benchmark_control_seed42,Native_attributes_minus_Full,42,SPRSound_Se,0.005141388174807138,,result/reproduce/pafa_joint_hierarchy/PAFA_BENCHMARK_4COND_seed42/native_attributes/seed_42/run_summary.json; result/reproduce/pafa_joint_hierarchy/PAFA_JH2_main_multiseed/seed_42/run_summary.json,Section/4evaluation.tex,signed delta vs existing fresh42 Full reference; seed42 benchmark control; not clean/causal
benchmark_control_seed42,Native_attributes_minus_Full,42,SPRSound_Macro-F1,0.02064640498958914,,result/reproduce/pafa_joint_hierarchy/PAFA_BENCHMARK_4COND_seed42/native_attributes/seed_42/run_summary.json; result/reproduce/pafa_joint_hierarchy/PAFA_JH2_main_multiseed/seed_42/run_summary.json,Section/4evaluation.tex,signed delta vs existing fresh42 Full reference; seed42 benchmark control; not clean/causal
benchmark_control_seed42,Native_attributes_minus_Full,42,SPRSound_UAR,0.015070694087403469,,result/reproduce/pafa_joint_hierarchy/PAFA_BENCHMARK_4COND_seed42/native_attributes/seed_42/run_summary.json; result/reproduce/pafa_joint_hierarchy/PAFA_JH2_main_multiseed/seed_42/run_summary.json,Section/4evaluation.tex,signed delta vs existing fresh42 Full reference; seed42 benchmark control; not clean/causal
benchmark_control_seed42,Native_attributes_minus_Full,42,SPRSound_abnormal_recall,0.005141388174807138,,result/reproduce/pafa_joint_hierarchy/PAFA_BENCHMARK_4COND_seed42/native_attributes/seed_42/run_summary.json; result/reproduce/pafa_joint_hierarchy/PAFA_JH2_main_multiseed/seed_42/run_summary.json,Section/4evaluation.tex,signed delta vs existing fresh42 Full reference; seed42 benchmark control; not clean/causal
benchmark_control_seed42,Native_attributes_minus_Full,42,SPRSound_normal_recall,0.025000000000000022,,result/reproduce/pafa_joint_hierarchy/PAFA_BENCHMARK_4COND_seed42/native_attributes/seed_42/run_summary.json; result/reproduce/pafa_joint_hierarchy/PAFA_JH2_main_multiseed/seed_42/run_summary.json,Section/4evaluation.tex,signed delta vs existing fresh42 Full reference; seed42 benchmark control; not clean/causal
benchmark_control_seed42,Native_attributes_minus_Full,42,SPR_CW_crackle_auroc,0.0037528766153300808,,result/reproduce/pafa_joint_hierarchy/PAFA_BENCHMARK_4COND_seed42/native_attributes/seed_42/run_summary.json; result/reproduce/pafa_joint_hierarchy/PAFA_JH2_main_multiseed/seed_42/run_summary.json,Section/4evaluation.tex,signed delta vs existing fresh42 Full reference; seed42 benchmark control; not clean/causal
benchmark_control_seed42,Native_attributes_minus_Full,42,SPR_CW_crackle_auprc,0.07586979018810758,,result/reproduce/pafa_joint_hierarchy/PAFA_BENCHMARK_4COND_seed42/native_attributes/seed_42/run_summary.json; result/reproduce/pafa_joint_hierarchy/PAFA_JH2_main_multiseed/seed_42/run_summary.json,Section/4evaluation.tex,signed delta vs existing fresh42 Full reference; seed42 benchmark control; not clean/causal
benchmark_control_seed42,Native_attributes_minus_Full,42,SPR_CW_wheeze_auroc,0.0009486727311879273,,result/reproduce/pafa_joint_hierarchy/PAFA_BENCHMARK_4COND_seed42/native_attributes/seed_42/run_summary.json; result/reproduce/pafa_joint_hierarchy/PAFA_JH2_main_multiseed/seed_42/run_summary.json,Section/4evaluation.tex,signed delta vs existing fresh42 Full reference; seed42 benchmark control; not clean/causal
benchmark_control_seed42,Native_attributes_minus_Full,42,SPR_CW_wheeze_auprc,0.005516985560127807,,result/reproduce/pafa_joint_hierarchy/PAFA_BENCHMARK_4COND_seed42/native_attributes/seed_42/run_summary.json; result/reproduce/pafa_joint_hierarchy/PAFA_JH2_main_multiseed/seed_42/run_summary.json,Section/4evaluation.tex,signed delta vs existing fresh42 Full reference; seed42 benchmark control; not clean/causal
benchmark_control_seed42,Native_attributes_minus_Full,42,SPR_CW_mean_auroc,0.0023507746732590595,,result/reproduce/pafa_joint_hierarchy/PAFA_BENCHMARK_4COND_seed42/native_attributes/seed_42/run_summary.json; result/reproduce/pafa_joint_hierarchy/PAFA_JH2_main_multiseed/seed_42/run_summary.json,Section/4evaluation.tex,signed delta vs existing fresh42 Full reference; seed42 benchmark control; not clean/causal
benchmark_control_seed42,Native_attributes_minus_Full,42,SPR_CW_mean_auprc,0.0406933878741178,,result/reproduce/pafa_joint_hierarchy/PAFA_BENCHMARK_4COND_seed42/native_attributes/seed_42/run_summary.json; result/reproduce/pafa_joint_hierarchy/PAFA_JH2_main_multiseed/seed_42/run_summary.json,Section/4evaluation.tex,signed delta vs existing fresh42 Full reference; seed42 benchmark control; not clean/causal
